,Steroid hormone biosynthesis - Homo sapiens (human),Tryptophan metabolism - Homo sapiens (human),Glutathione metabolism - Homo sapiens (human),Arachidonic acid metabolism - Homo sapiens (human),Linoleic acid metabolism - Homo sapiens (human),Retinol metabolism - Homo sapiens (human),Metabolism of xenobiotics by cytochrome P450 - Homo sapiens (human),Drug metabolism - cytochrome P450 - Homo sapiens (human),Drug metabolism - other enzymes - Homo sapiens (human),ABC transporters - Homo sapiens (human),MAPK signaling pathway - Homo sapiens (human),ErbB signaling pathway - Homo sapiens (human),Ras signaling pathway - Homo sapiens (human),Rap1 signaling pathway - Homo sapiens (human),Calcium signaling pathway - Homo sapiens (human),cAMP signaling pathway - Homo sapiens (human),Cytokine-cytokine receptor interaction - Homo sapiens (human),Chemokine signaling pathway - Homo sapiens (human),NF-kappa B signaling pathway - Homo sapiens (human),HIF-1 signaling pathway - Homo sapiens (human),FoxO signaling pathway - Homo sapiens (human),Sphingolipid signaling pathway - Homo sapiens (human),Phospholipase D signaling pathway - Homo sapiens (human),Cell cycle - Homo sapiens (human),Oocyte meiosis - Homo sapiens (human),p53 signaling pathway - Homo sapiens (human),Mitophagy - animal - Homo sapiens (human),Autophagy - animal - Homo sapiens (human),Protein processing in endoplasmic reticulum - Homo sapiens (human),Endocytosis - Homo sapiens (human),mTOR signaling pathway - Homo sapiens (human),PI3K-Akt signaling pathway - Homo sapiens (human),Apoptosis - Homo sapiens (human),Longevity regulating pathway - Homo sapiens (human),Longevity regulating pathway - multiple species - Homo sapiens (human),Necroptosis - Homo sapiens (human),Cellular senescence - Homo sapiens (human),Adrenergic signaling in cardiomyocytes - Homo sapiens (human),Wnt signaling pathway - Homo sapiens (human),Axon guidance - Homo sapiens (human),VEGF signaling pathway - Homo sapiens (human),Apelin signaling pathway - Homo sapiens (human),Osteoclast differentiation - Homo sapiens (human),Hippo signaling pathway - Homo sapiens (human),Focal adhesion - Homo sapiens (human),Adherens junction - Homo sapiens (human),Tight junction - Homo sapiens (human),Gap junction - Homo sapiens (human),Signaling pathways regulating pluripotency of stem cells - Homo sapiens (human),Platelet activation - Homo sapiens (human),Neutrophil extracellular trap formation - Homo sapiens (human),Toll-like receptor signaling pathway - Homo sapiens (human),NOD-like receptor signaling pathway - Homo sapiens (human),C-type lectin receptor signaling pathway - Homo sapiens (human),JAK-STAT signaling pathway - Homo sapiens (human),Hematopoietic cell lineage - Homo sapiens (human),Natural killer cell mediated cytotoxicity - Homo sapiens (human),IL-17 signaling pathway - Homo sapiens (human),Th1 and Th2 cell differentiation - Homo sapiens (human),Th17 cell differentiation - Homo sapiens (human),T cell receptor signaling pathway - Homo sapiens (human),B cell receptor signaling pathway - Homo sapiens (human),Fc epsilon RI signaling pathway - Homo sapiens (human),Fc gamma R-mediated phagocytosis - Homo sapiens (human),TNF signaling pathway - Homo sapiens (human),Leukocyte transendothelial migration - Homo sapiens (human),Thermogenesis - Homo sapiens (human),Neurotrophin signaling pathway - Homo sapiens (human),Cholinergic synapse - Homo sapiens (human),Serotonergic synapse - Homo sapiens (human),Long-term depression - Homo sapiens (human),Inflammatory mediator regulation of TRP channels - Homo sapiens (human),Regulation of actin cytoskeleton - Homo sapiens (human),Insulin signaling pathway - Homo sapiens (human),GnRH signaling pathway - Homo sapiens (human),Progesterone-mediated oocyte maturation - Homo sapiens (human),Estrogen signaling pathway - Homo sapiens (human),Prolactin signaling pathway - Homo sapiens (human),Thyroid hormone signaling pathway - Homo sapiens (human),Oxytocin signaling pathway - Homo sapiens (human),Regulation of lipolysis in adipocytes - Homo sapiens (human),Relaxin signaling pathway - Homo sapiens (human),"Parathyroid hormone synthesis, secretion and action - Homo sapiens (human)",GnRH secretion - Homo sapiens (human),Type II diabetes mellitus - Homo sapiens (human),Insulin resistance - Homo sapiens (human),Non-alcoholic fatty liver disease - Homo sapiens (human),AGE-RAGE signaling pathway in diabetic complications - Homo sapiens (human),Cushing syndrome - Homo sapiens (human),"Growth hormone synthesis, secretion and action - Homo sapiens (human)",Alcoholic liver disease - Homo sapiens (human),Aldosterone-regulated sodium reabsorption - Homo sapiens (human),Bile secretion - Homo sapiens (human),Alzheimer disease - Homo sapiens (human),Parkinson disease - Homo sapiens (human),Amyotrophic lateral sclerosis - Homo sapiens (human),Huntington disease - Homo sapiens (human),Spinocerebellar ataxia - Homo sapiens (human),Prion disease - Homo sapiens (human),Pathways of neurodegeneration - multiple diseases - Homo sapiens (human),Alcoholism - Homo sapiens (human),Pathogenic Escherichia coli infection - Homo sapiens (human),Shigellosis - Homo sapiens (human),Salmonella infection - Homo sapiens (human),Yersinia infection - Homo sapiens (human),Leishmaniasis - Homo sapiens (human),Chagas disease - Homo sapiens (human),Malaria - Homo sapiens (human),Toxoplasmosis - Homo sapiens (human),Amoebiasis - Homo sapiens (human),Tuberculosis - Homo sapiens (human),Hepatitis C - Homo sapiens (human),Hepatitis B - Homo sapiens (human),Measles - Homo sapiens (human),Human cytomegalovirus infection - Homo sapiens (human),Influenza A - Homo sapiens (human),Human papillomavirus infection - Homo sapiens (human),Human T-cell leukemia virus 1 infection - Homo sapiens (human),Kaposi sarcoma-associated herpesvirus infection - Homo sapiens (human),Herpes simplex virus 1 infection - Homo sapiens (human),Epstein-Barr virus infection - Homo sapiens (human),Human immunodeficiency virus 1 infection - Homo sapiens (human),Coronavirus disease - COVID-19 - Homo sapiens (human),Pathways in cancer - Homo sapiens (human),Transcriptional misregulation in cancer - Homo sapiens (human),Viral carcinogenesis - Homo sapiens (human),Chemical carcinogenesis - DNA adducts - Homo sapiens (human),Proteoglycans in cancer - Homo sapiens (human),MicroRNAs in cancer - Homo sapiens (human),Chemical carcinogenesis - receptor activation - Homo sapiens (human),Chemical carcinogenesis - reactive oxygen species - Homo sapiens (human),Colorectal cancer - Homo sapiens (human),Renal cell carcinoma - Homo sapiens (human),Pancreatic cancer - Homo sapiens (human),Endometrial cancer - Homo sapiens (human),Glioma - Homo sapiens (human),Prostate cancer - Homo sapiens (human),Thyroid cancer - Homo sapiens (human),Basal cell carcinoma - Homo sapiens (human),Melanoma - Homo sapiens (human),Bladder cancer - Homo sapiens (human),Chronic myeloid leukemia - Homo sapiens (human),Acute myeloid leukemia - Homo sapiens (human),Small cell lung cancer - Homo sapiens (human),Non-small cell lung cancer - Homo sapiens (human),Breast cancer - Homo sapiens (human),Hepatocellular carcinoma - Homo sapiens (human),Gastric cancer - Homo sapiens (human),Central carbon metabolism in cancer - Homo sapiens (human),Choline metabolism in cancer - Homo sapiens (human),PD-L1 expression and PD-1 checkpoint pathway in cancer - Homo sapiens (human),Inflammatory bowel disease - Homo sapiens (human),Rheumatoid arthritis - Homo sapiens (human),Diabetic cardiomyopathy - Homo sapiens (human),Viral myocarditis - Homo sapiens (human),Lipid and atherosclerosis - Homo sapiens (human),Fluid shear stress and atherosclerosis - Homo sapiens (human)
ACH-000433,0.378456701,0.30148658,0.002852253,-0.093947744,-0.342453356,-0.030958967,-0.051184581,-0.082567162,0.11304712,0.057056922,-0.002987993,0.066169841,0.05935628,0.144068238,0.138538889,-0.022328947,0.008532177,0.052415721,-0.025092339,-0.118989222,0.051212276,0.057125004,0.085856728,0.027450867,0.017100389,0.065984023,0.153739961,-0.009674362,-0.085385729,0.14618457,-0.00449677,0.033051558,0.186121216,0.070092377,0.106855723,-0.097096075,0.179569068,-0.146291122,-0.159311629,-0.067466266,0.195456418,0.029041259,0.15725248,-0.064543671,0.036735768,-0.08941689,-0.0637582,0.104711407,-0.039212455,-0.12323213,0.015737077,0.140615667,-0.053076574,0.126956692,0.077333135,-0.136516464,0.157011911,0.268124482,0.006934861,-0.039029744,0.127934401,0.049404195,0.171146688,0.022321396,0.084111119,0.106172059,-0.100774621,0.108895755,-0.040337814,-0.005816073,0.022670353,0.050011324,0.034063083,0.092061256,-0.02859956,0.00157937,0.027080642,0.169293995,-0.034189121,-0.028522735,-0.236219512,0.020379453,-0.15972438,0.084611303,0.279382893,-0.032937378,0.159728917,0.051347421,-0.252496635,0.049960049,0.118045494,0.386414946,-0.071091019,0.107786635,0.0995841,0.133865613,0.214377046,0.084440731,0.088125729,0.081788943,-0.019908056,0.033971118,0.138381057,0.210643259,0.147163747,-0.054682518,-0.112377125,-0.088300974,0.1396916,-0.081761829,0.072787554,-0.012030698,0.063173911,-0.015709154,0.031944572,-0.145218045,-0.105084636,0.053800795,0.116222999,-0.062634923,0.00989728,0.143558182,0.047628419,-0.031138204,-0.098172753,-0.002322094,-0.206706985,0.016807475,0.112257353,-0.008291325,0.10221467,-0.010672919,0.064472312,0.149168465,-0.080052033,0.016960408,0.086831982,-0.132243869,-0.294320145,0.024622066,0.127912057,0.031026868,-0.00449823,0.046975765,-0.077219829,-0.092590846,-0.175570313,-0.061669339,0.230817969,0.012808652,0.172825788,-0.133065365,-0.09770565,0.075087153,-0.053014121,0.029805194,0.080215958
ACH-000147,-0.386428777,-0.035201326,-0.141386825,-0.237303451,0.059348344,0.149005955,0.005559415,0.02153561,-0.200873261,0.074892059,0.100567886,0.166896906,-0.043144611,0.122763632,0.047689276,0.085282675,0.021849406,0.060138232,0.18829612,0.110208155,-0.126504382,0.209839584,0.039101257,-0.127494619,0.058881354,-0.122578391,-0.022878056,0.058009401,-0.008460008,-0.115763466,0.117600639,-0.005933542,0.085015084,0.017947276,0.074876298,-0.060861295,-0.082648972,0.109963462,0.095104131,0.192944617,0.260944648,-0.050553622,0.086762926,0.030550035,0.076221968,0.044352826,0.07986653,0.149555827,0.126002971,0.145900005,0.275707857,0.136844145,-0.031805129,0.123590241,0.025032019,0.030020011,0.111631833,-0.124763871,0.089020576,0.050788798,0.203455841,0.208209789,0.204111348,0.05865526,0.031217622,0.067889541,0.012660536,0.244787063,0.221732833,-0.000786926,0.210943575,0.214248613,0.086687104,0.0473276,0.229317018,0.058771721,0.005647017,0.115074485,-0.003684837,0.183147304,0.199533018,0.01472068,0.028400633,0.124162671,-0.058138176,0.079574386,-0.065159553,0.002952586,0.229040088,0.184607657,0.136574134,-0.045447192,-0.158472433,-0.019933002,-0.05850584,0.010778426,-0.048182168,-0.093066004,-0.002634258,0.036980489,-0.004329524,0.072745364,-0.10275052,0.035500125,0.09112714,0.23296887,0.072743849,0.176933724,0.060995007,0.054183731,0.068601887,-0.007052476,0.074315494,0.116630462,0.068862274,0.035723825,-0.003890594,-0.032377041,0.032776726,0.063581052,-0.010182173,0.075609621,-0.043184332,0.01185273,-0.053600719,-0.002659932,-0.011296457,0.090060999,-0.016116914,-0.049214098,0.049928934,0.037030795,0.297704391,0.055029166,0.150066392,0.219442126,0.033012596,0.044547852,0.173231163,0.113914495,0.009715144,0.125362806,0.010275387,0.083669203,0.166641191,0.005906225,0.11758101,0.048317681,0.04157808,0.098860486,0.144276623,0.219996031,-0.004396728,0.150465587,-0.274922019,0.146492016,-0.001054234
ACH-000615,-0.012701837,0.026141992,-0.003373396,-0.301899289,-0.074160308,-0.065466878,-0.066375252,-0.134558631,0.119025932,-0.24186045,-0.030618113,-0.124527235,0.016726015,-0.003410859,-0.068255319,0.080598453,0.003572824,0.067481781,-0.062480359,-0.051114724,-0.178046427,-0.112656515,0.002878543,0.102650919,0.028846885,-0.12658964,-0.022093807,-0.071449009,-0.142714303,-0.046117207,-0.136312144,0.016394455,-0.089330595,-0.003098337,0.115823852,-0.117877982,-0.062660337,-0.009827717,0.023542061,-0.139486117,-0.227467542,-0.060846954,-0.155751749,-0.102221129,-0.070253887,-0.291448953,-0.076674842,-0.060601131,-0.123499445,0.028357711,-0.033508843,-0.185674576,-0.155119623,-0.163695929,0.039640719,0.200205361,0.00117359,-0.239482889,0.09962042,-0.048297658,-0.008829131,-0.103765467,-0.022989448,0.053555393,-0.105497496,0.024638474,-0.083238068,-0.066305621,0.102817889,0.046602917,-0.136889963,-0.038153875,0.053773266,-0.118692701,0.065816721,0.070529207,-0.034769445,0.137478181,-0.017054487,0.010170966,-0.01867254,0.002469354,0.090631345,-0.045098607,-0.086579706,-0.104461016,0.023013368,-0.205802728,0.046177247,-0.043056977,-0.021733294,0.317071392,0.135355659,-0.061538952,-0.053329918,-0.016345452,-0.041006452,-0.132219323,-0.047680465,-0.066111592,0.06058098,-0.106373878,-0.079264187,-0.056182419,0.101626077,2.99E-05,0.023633963,0.033983764,-0.095968896,-0.24011713,0.002241819,-0.001978,-0.094038488,-0.088953513,-0.020834816,-0.112903327,0.048025973,-0.03885151,0.018000117,-0.007950218,0.034067909,-0.003445352,-0.027279107,-0.031717223,-0.043206493,-0.01815738,-0.106073935,-0.044235002,-0.036747094,-0.007399276,-0.028444984,-0.135240444,-0.11181047,-0.075980187,-0.021587714,-0.032099253,-0.036145156,-0.116137352,0.044892648,-0.054497598,0.013972661,0.05107068,-0.003866685,-0.002047526,-0.154023302,-0.00408425,-0.112553451,-0.085636984,-0.073684891,-0.072877577,-0.036978861,-0.055091401,0.059208801,-0.062287947,0.153787073,-0.083456852,0.031696598
ACH-000768,-0.235325688,0.110023915,-0.066758901,-0.049489116,-0.124554711,0.129360264,-0.111807375,-0.08892563,-0.003190413,0.167163353,0.043878091,0.042663981,0.077692464,0.079435947,-0.163027185,-0.048024323,0.00453046,0.132405859,0.200719552,-0.02203902,0.078189633,0.063249826,0.121761269,-0.013838716,-0.160713286,0.187308099,0.112878999,0.186566345,-0.042277572,0.039159963,-0.023565314,-0.027226247,0.176776111,-0.080780052,-0.220168439,0.045501171,0.083923436,-0.059981825,-0.080430088,0.005530089,0.1999552,0.071343557,0.054145094,-0.01547523,0.229798806,0.099701447,0.057476777,0.221981857,-0.070429788,0.169174589,-0.050239762,-0.04368961,0.12381519,0.212901842,-0.051634901,0.133026034,0.100700041,0.131174535,-0.237917711,-0.180401605,0.211462999,0.305696481,0.062310886,0.07731772,0.032899958,0.108922423,0.013645116,0.031972517,0.001738707,0.070908557,0.256705476,0.002071758,0.063223834,0.049434247,0.137728759,-0.044746679,-0.096910412,0.049303541,-0.00917837,0.113339537,-0.156054416,0.014097311,0.105357705,0.018869518,-0.199335321,-0.039034192,-0.055259176,0.11975542,0.036100761,-0.125175495,0.161156185,-0.081726371,0.114030812,0.020236843,0.020765161,-0.022244529,-0.085258483,0.020292221,-0.029729698,-0.008645271,0.056297969,0.037625364,0.088728367,0.043894733,0.067559018,0.10240195,0.12186926,0.095498609,-0.083242166,0.184994375,0.082849763,0.137086684,0.03812945,0.012890738,0.143192136,0.133154465,0.024906272,0.081132136,0.055499302,0.059044946,-0.110592051,0.136968141,0.058582537,0.018991681,0.119217147,-0.067058753,-0.08043409,0.055923861,-0.071142527,-0.057081067,-0.058875807,0.152794923,0.2402784,0.253975625,0.308774972,0.235358487,0.02950226,0.407898346,-0.142692531,0.215240125,0.369418412,0.227236211,0.173872042,0.096960912,0.289623164,0.006874336,0.170608267,-0.033737863,0.120684049,-0.025730526,0.05557414,-0.309856122,0.043516817,-0.125370607,-0.090577777,0.047518327,-0.048735202
ACH-000617,0.005362918,-0.041718529,0.191199167,-0.027256042,-0.456297299,-0.11277825,-0.152108094,-0.266791428,-0.113149896,-0.05630582,-0.023158478,-0.017621151,-0.041942231,-0.011851649,0.051577009,0.001537542,-0.043070262,-0.048574544,-0.133401695,-0.088011299,0.042098015,0.199880834,0.003331064,-0.025325923,-0.047868669,0.073605954,-0.054064925,-0.019087276,0.200469994,-0.140028388,-0.011571995,0.053491435,0.035697822,-0.078047156,0.118314965,-0.087152126,-0.057409225,0.043895285,-0.091311405,-0.001257879,-0.064732146,-0.023543529,0.094307261,0.038796529,-0.03555121,-0.265530205,-0.021972084,0.03943025,-0.031979172,-0.121088167,-0.005273077,-0.015356803,0.053346471,0.0127824,0.002311293,0.091716331,-0.066983132,0.210304231,0.068999633,0.198878698,0.119613127,-0.124929585,-0.075675754,-0.307537515,0.045368217,-0.021532338,0.1177919,-0.004731729,-0.079275017,0.144975092,0.007154284,0.019101025,-0.090624551,0.014578081,-0.11806899,0.119434984,0.013435213,-0.051052569,0.027563898,-0.03313567,0.261470798,0.179832056,-0.133204209,-0.04483485,0.225058975,-0.022618505,0.127155617,0.072041744,-0.189566911,0.060677532,0.005136014,0.192849669,0.035082112,0.109869352,0.160638626,0.144574868,0.120960228,0.161459159,0.165901972,0.09038683,-0.002432501,0.167780419,0.005369815,0.072969931,0.021706528,0.017520523,0.163717724,-0.133696915,0.1987913,0.004416351,-0.083099234,-0.060018324,0.008222868,-0.005098762,-0.039786922,-0.03420659,-0.09824648,-0.009537064,-0.054976178,-0.040238302,0.055724516,0.005818449,-0.040289101,0.017931785,0.015132877,-0.114714465,-0.248075276,-0.003815135,0.080351011,-0.137895938,0.032968918,-0.0662545,-0.209529977,-0.094894916,-0.221703236,-0.140710913,-0.156493793,-0.178431153,-0.136899374,-0.064317058,-0.083387388,-0.064523297,-0.201982101,0.046140299,-0.196991588,-0.040230678,-0.073384004,-0.045565745,0.003883009,-0.139331773,-0.133724396,0.19728015,-0.183391857,0.110047051,-0.013656653,0.076963482,0.055119183
ACH-000997,-0.212815152,-0.03442485,-0.053440115,0.009949156,-0.029139574,0.143881186,-0.108383213,-0.10222559,-0.123128071,0.12394016,0.008761161,0.037381681,-0.02947704,-0.077750249,-0.08316306,-0.123751831,0.091750028,-0.054705378,-0.108845777,0.03411359,0.046729757,-0.05579782,0.055346252,0.119335717,0.129785623,-0.035928496,-0.115237411,0.089299004,0.040863225,-0.001035167,-0.034984475,0.016005883,-0.021452068,-0.127334115,-0.034648234,-0.058947196,0.010588888,-0.088360689,0.012781416,0.045613658,-0.220753256,-0.036846038,-0.120808439,-0.05656312,-0.096257443,-0.086257837,0.055977749,-0.019387954,-0.021981339,-0.053284701,0.037726996,-0.206326425,-0.107731865,-0.148853694,0.035432895,0.191422902,-0.007395851,-0.045006534,0.168697389,0.070054161,0.047782546,-0.028635877,-0.046983761,0.104640744,-0.093455924,-0.072453292,0.023190726,0.092114522,-0.219517411,-0.110610812,0.020752425,-0.139038787,0.008540202,0.109107798,0.003036288,0.016196117,-0.211166114,-0.128396112,-0.100813301,-0.079085448,-0.317794689,-0.144399658,0.000666733,-0.220542257,-0.111411808,-0.068127828,-0.030930967,-0.16604946,-0.106594177,-0.234461755,0.026068928,-0.020760245,-0.110851227,-0.067073473,-0.000125551,-0.070726436,-0.070382309,-0.036926759,-0.051073885,0.004100384,-0.076615702,0.017657716,-0.116417817,0.034435695,-0.043164376,-0.137593764,-0.004491832,-0.135445731,-0.149991782,-0.0105103,-0.032721808,-0.021781276,-0.00143796,-0.071684916,-0.097007633,-0.040962849,-0.098980529,0.039601897,-0.010212035,-0.059766152,-0.169839184,-0.154520352,-0.016494624,-0.030551799,0.023238361,-0.097977353,-0.094265148,-0.011911119,-0.03159428,-0.073441879,0.016192513,0.144352681,0.016510112,-0.124524008,0.153327968,0.025358751,0.069532151,0.296665855,0.138283254,0.021606268,0.253325341,-0.04037793,0.220964341,-0.213215301,0.161957616,-0.003734272,0.029564601,0.003926867,-0.046207486,0.060171773,0.087311469,-0.002850889,-0.003617603,-0.024216207,-0.215505153,-0.154322256,-0.067973588
ACH-000376,-0.087488079,0.094115285,-0.122817974,0.098764831,0.070389189,0.011547,0.211025587,0.16438468,-0.003835999,0.057772801,-0.019389598,0.071869592,0.022415173,0.009277288,0.035137132,-0.021811432,0.002913304,0.017977558,0.06018822,-0.046037749,-0.134914742,0.093491732,-0.042914484,-0.074432166,-0.061298694,-0.027807131,0.076500499,-0.058865793,0.02974653,0.071262177,-0.072065365,-0.088176885,0.111144339,-0.210604695,-0.356858596,0.187689892,-0.040801596,0.188686283,-0.037971665,0.056966222,0.249033786,0.067146952,-0.120289929,-0.154270358,0.094030016,-0.017871258,-0.015512643,-0.066294273,-0.189404205,-0.028281384,0.085833049,0.058857581,0.091853995,0.096181316,-0.02378074,0.064744953,0.104258209,0.14504091,0.042308016,0.010106839,-0.030792958,0.097396027,0.004043587,0.031487116,0.017512256,0.221113012,-0.063457166,-0.00072893,-0.012222661,0.145952467,0.187175905,0.118641713,0.038641496,-0.033544618,0.05026679,-0.117384137,0.028827871,-0.12619913,-0.02713649,0.034419433,-0.100762762,-0.079171526,-0.057091379,0.163812208,0.017915236,-0.109862333,-0.048302596,-0.023221777,-0.029084456,-0.059867283,-0.088837787,-0.070839824,0.015418928,-0.060173317,-0.045542042,0.037150964,-0.033284915,0.065004408,-0.056873904,0.00675447,-0.07191877,-0.058199294,-0.00285822,-0.061302247,-0.009472035,0.18337266,0.106947686,0.19011142,0.027834883,0.180697864,0.110065867,0.09327947,0.123804829,-0.037549464,0.023723806,0.093889028,-0.026007073,-0.079228195,0.122740995,0.108207917,0.062132895,0.205203317,-0.023380502,0.023019276,-0.092896753,0.047448054,0.25916476,0.012696324,-0.074625913,-0.026680686,0.052170127,0.000935527,0.1895129,-0.124536799,0.111383563,0.143925847,-0.034786831,-0.002322511,-0.267814499,0.163261024,0.081137713,-0.052199805,-0.162045331,0.198170343,0.016674172,-0.07963162,-0.064957844,-0.024745454,0.078614165,0.031649437,0.103176604,0.113530345,0.132776665,0.032728921,0.226250559,0.217487612,-0.021294801
ACH-000425,0.096089108,0.081509091,0.082350452,0.02747022,-0.068883313,0.269391872,0.097266637,0.083668489,0.218065428,-0.141241965,0.016131108,-0.095786872,-0.042796035,0.041679937,0.030414515,-0.051794443,-0.009482665,-0.174780732,-0.237269003,-0.082077184,-0.130216799,-0.175742832,-0.058212354,0.144558582,-0.041921905,0.133329895,0.059400425,-0.049943859,-0.166846885,0.010072444,-0.107801651,-0.018364732,-0.129917095,-0.113248191,-0.051575781,-0.022795683,-0.068957347,0.043867861,-0.100193541,-0.156850098,-0.246540796,-0.133513548,-0.304331843,-0.023946915,-0.151413741,-0.022685381,-0.083931276,0.049122649,-0.11190449,-0.165965706,-0.061358311,-0.239943592,-0.046975552,-0.259439062,-0.005572523,0.180599406,-0.141134109,-0.205897475,-0.171472876,-0.06136748,-0.289304904,-0.364380086,-0.278804556,-0.263438734,-0.238652337,-0.087457738,-0.123125424,-0.155990576,-0.143834417,-0.075640538,0.017621867,-0.220530367,-0.158318694,-0.179222238,0.006958604,-0.100287645,-0.1022254,-0.169798985,-0.095832996,-0.084821697,-0.094395621,-0.046108716,0.06698318,0.062017423,-0.200926067,-0.271581112,-0.12532835,-0.207045543,0.103606109,-0.07675685,-0.179111094,-0.024295823,0.1466267,-0.043745624,0.008431917,0.037204558,0.005048875,-0.089702106,-0.071975204,-0.035057852,-0.076345691,-0.052800111,-0.09158578,-0.047905547,-0.145354752,0.031424549,-0.110680994,0.512335996,-0.085390712,-0.105971142,-0.154530805,-0.101232597,-0.010603967,-0.190146095,-0.152397877,-0.090797471,-0.00439895,0.018113685,-0.162588766,0.062432423,0.034405934,-0.139449071,-0.152025845,-0.086833838,-0.032796384,0.077994243,0.217562901,-0.033132176,-0.069548843,0.018648692,-0.05724524,-0.196711109,0.002502666,-0.164659894,-0.237235597,-0.223616117,-0.091528042,-0.132288611,-0.091112307,-0.096313934,0.193280428,-0.046293232,-0.21551256,-0.242214238,-0.213699251,-0.068620871,-0.085461508,0.011892882,-0.021475745,-0.284340317,-0.164948328,0.167014372,0.316152029,-0.133758327,-0.059021475,-0.158448034,-0.119295674
ACH-000463,0.1707963,0.237640399,0.160761627,0.096607042,0.260530904,-0.276765532,0.093731091,0.123353391,-0.135874836,-0.355462447,0.01466323,-0.064973176,-0.072793277,-0.033507091,-0.101746982,0.001657008,0.045472074,-0.07525134,-0.065406553,0.076571429,-0.00971819,0.019424716,-0.0456963,0.167544203,0.089473074,0.199274563,0.242505962,0.096233529,-0.062027346,-0.065292842,0.08215151,0.058754831,0.095244448,0.026989256,-0.0424368,-0.100749471,0.17976746,-0.024506088,-0.15658522,0.119194281,0.001203972,-0.120688921,0.095990046,-0.067915072,0.065141971,0.054072437,0.01380134,-0.08373359,-0.12936335,0.082282305,0.081156823,0.188996132,0.143869426,0.040790321,0.13792399,0.066027274,-0.081876006,0.017392537,-0.013949246,-0.020353864,-0.000169937,-0.057152839,-0.047851676,-0.094598719,0.002411463,0.106586986,-0.052798363,0.023823825,-0.045010018,-0.070766362,0.102964735,-0.098921802,0.069446145,-0.017495316,-0.079872081,0.163516718,-0.01089285,0.020848583,0.056344709,-0.050142414,-0.105789298,-0.036025645,-0.012658502,0.045192412,-0.06582299,-0.116524549,-0.001548916,0.004521955,0.007457311,-0.026919579,0.05726341,0.238704304,-0.32980245,-0.108675168,-0.027662471,0.081281678,0.04032068,-0.054931237,0.012659952,-0.007360413,-0.05332147,0.132583655,0.050322472,0.191800276,0.094738391,0.125013195,0.153742061,0.029769147,0.189938752,-0.106611707,0.056538039,0.175283656,0.146038702,0.308317476,0.013502458,0.180686723,0.021106462,-0.00296333,0.020841027,0.038926787,0.143775631,0.096624385,-0.001221424,0.006544367,0.081779487,0.112805154,0.056955044,0.07925003,0.068677367,0.024757278,0.02869223,-0.084386477,0.005357526,0.144284071,-0.239686692,-0.129706646,-0.008006174,0.06949604,-0.08180871,-0.079031072,0.265793058,0.068271283,0.042291406,0.106393778,-0.049209134,-0.098150671,-0.073387218,0.044813726,0.070856347,-0.067547354,0.074279166,-0.087643804,-0.145671637,0.059658884,0.170022552,0.057233104,0.130554466
ACH-000811,0.144393355,-0.117185505,0.092807269,-0.050174918,0.066907356,-0.18404569,0.010197171,-0.058956424,0.016279349,-0.066668682,-0.016584489,-0.04070348,-0.049572365,-0.086096769,0.054770114,-0.076560253,-0.063373887,0.028756093,0.015470883,-0.03616351,0.121244253,-0.063995605,-0.112680245,0.029698275,-0.10176996,0.032071506,-0.162030246,0.104263803,-0.060034271,0.002298406,-0.019229607,0.021214558,-0.022739604,0.00840963,0.010214883,0.018063084,-0.025251686,-0.001955368,-0.167671797,0.036402547,0.040984662,-0.216565983,-0.043644623,-0.091928672,0.015242097,0.001113793,-0.078833038,-0.101593019,-0.166440686,-0.214254598,-0.171288251,-0.132375837,0.0169908,-0.154001637,0.044802596,-0.050923878,0.07762776,-0.165640907,0.017315854,0.129306329,0.048852566,-0.115751156,-0.046708094,-0.034308746,-0.084358395,-0.088873779,0.10000508,-0.003893083,-0.193884224,-0.221029534,-0.230721873,-0.282490542,-0.034559023,-0.039450873,-0.251484719,-0.130724429,-0.152397382,0.022369931,0.042464417,-0.163851374,0.091247363,-0.132679591,-0.190651907,-0.050009892,0.066702078,0.082858916,0.00537577,0.020510331,-0.1915305,0.056897191,-0.005685084,0.019795454,0.003746135,-0.030627231,-0.056932651,0.153746551,0.11978694,0.034964189,0.000910049,-0.010725647,-0.219571322,0.024950895,-0.087747295,-0.000752397,0.032179189,-0.047527579,0.009722202,-0.1421868,0.065894731,-0.123587746,-0.006224263,-0.093808538,-0.070940194,-0.036421901,-0.101078436,-0.047369445,-0.051601562,0.012719347,-0.160300276,0.014851456,-0.071518877,-0.053659496,-0.139718559,-0.08962029,-0.181175948,-0.033054909,0.034491969,-0.001179397,0.020964911,0.021870718,0.010628355,-0.065023969,-0.20297361,-0.077925187,-0.092442331,-0.19475058,0.007056795,-0.3523267,-0.173696919,-0.023601445,-0.138826196,-0.025879955,-0.134952295,0.029454836,-0.107259051,-0.133112443,-0.089489541,0.000157856,-0.060513818,-0.040270125,-0.111801414,-0.053302297,-0.12247299,0.108354891,0.123826658,-0.060451725,0.020707066
ACH-000555,-0.109045992,0.198823361,-0.068025099,-0.132379734,-0.268332727,-0.221858288,-0.170964875,-0.180484557,0.085483876,0.287295903,0.089722735,-0.002249926,0.064403535,0.069075481,0.105766919,0.052179045,-0.03862079,-0.095197102,-0.0154887,0.039041988,-0.032877308,-0.07785992,-0.013596715,0.030127653,-0.082209097,-0.160009056,0.131683079,-0.12262074,0.077526303,-0.171151902,-0.039697355,0.188866394,0.047717439,0.060286061,0.097270503,0.027578002,-0.028026623,-0.096805147,0.042606895,-0.088374886,-0.023072164,-0.119462539,-0.0308292,0.075505596,0.221459036,-0.118930988,-0.021994363,0.036817063,-0.003445797,-0.121836379,0.123121917,-0.07015651,0.040582558,0.137152224,-0.003803247,0.278822484,-0.104244976,0.005311892,0.103979074,0.126923068,0.018921606,-0.04835079,-0.11726593,0.015452802,-0.012030958,0.098842866,-0.015445637,0.051496402,-0.012606173,-0.156370492,-0.039545407,-0.026916947,0.057144461,0.008716098,0.046386599,-0.134882548,-0.019042341,-0.216668157,-0.018382019,-0.06027151,-0.094363075,0.087435587,0.12812195,-0.053846945,0.053897756,0.086697687,0.138534651,-0.002036649,0.01848501,-0.05041988,0.128124645,0.065416795,-0.120726814,0.05158128,0.00873978,-0.012220637,0.033369052,-0.100689125,0.074317033,0.027669465,0.039189055,0.021627567,-0.008723806,0.095562145,0.025607585,0.293028163,0.138815919,0.228068703,0.177240718,0.262432291,0.097540248,-0.029608292,0.090010343,0.066236492,0.095366793,0.021099324,0.10762392,0.049717281,-0.005637364,0.014381145,0.04215847,0.090400605,-0.031474101,0.047232542,0.019947884,0.201149605,-0.231550386,0.093694495,-0.036453034,0.043924475,0.090610144,-0.068462552,-0.019509147,0.056789032,-0.030532612,-0.101696813,0.066233146,-0.149994454,0.154936912,-0.062900697,-0.00464542,-0.059503701,-0.097807655,0.046908832,-0.024921529,0.157653525,0.003932059,0.106547055,0.079573886,0.129081987,-0.010192485,0.238738895,0.222229502,0.157230252,0.290416888,0.063753066,0.07059091
ACH-000001,-0.204205883,-0.24423767,0.225224201,0.196410049,0.310163361,-0.165085879,-0.034164043,-0.048972931,0.057107154,-0.151391584,0.087126254,0.198493762,0.073112722,0.128058177,0.078066477,-0.05814116,-0.047013796,-0.025991434,-0.016587028,-0.030991495,0.097094136,-0.003958113,0.129294617,0.122469518,0.029256803,-0.084573898,-0.039971724,-0.011173736,-0.03443247,-0.00643543,0.06938991,0.048357863,0.126455895,-0.036550021,0.078945159,-0.159270564,-0.027576703,-0.127172097,-0.095540153,0.049673374,0.150165139,-0.171291218,0.053745149,0.052340892,0.096626716,0.004525131,-0.052130404,0.008320908,0.033807377,-0.053438234,0.095223731,0.095153388,0.226066499,0.019664573,0.043180565,0.130299553,0.185191297,0.143495083,-0.010283596,-0.004107531,-0.021553417,-0.188948047,0.141351374,-0.099050535,0.156264025,0.108219792,0.015993254,0.021716269,-0.070398586,0.104873747,0.066663182,0.04933707,-0.06518221,0.054901422,0.021278781,0.065676464,-0.146088339,-0.022570886,-0.009765547,-0.058605288,-0.018807006,0.049835352,-0.111030127,0.021780387,0.24342299,-0.018638129,0.001452078,0.082071857,-0.102677222,0.217451996,-0.01081193,-0.148404996,-0.107106715,-0.028402168,-0.095708835,-0.012579104,-0.076041588,0.012982062,-0.029132353,-0.043763517,-0.115455501,-0.006649057,-0.058974204,0.027208273,0.122079435,-0.049343131,-0.035510942,5.22E-05,0.051645917,-0.156317408,-0.147672393,0.034164906,0.101913254,0.024013062,0.061422718,0.158804234,-0.004281989,-0.033805036,-0.013624161,0.114386144,0.0520739,0.013940634,-0.020709298,-0.048380861,-0.075914404,-0.033164292,-0.11834826,0.077912528,0.116752576,0.012843525,-0.044152861,-0.060075681,0.010390403,-0.031388322,-0.129984251,-0.2034172,-0.035175505,-0.185314678,-0.09137353,-0.053457218,-0.089754254,-0.076804814,-0.196183951,0.033668845,-0.11335913,-0.066041427,-0.040945254,-0.012521186,0.109040123,0.019782582,-0.164405814,0.080191909,0.0453363,-0.0158565,0.341349101,0.090924506,0.023933902
ACH-000148,-0.222660793,-0.2048609,-0.219064719,-0.032191565,-0.182687069,-0.079941371,-0.084311473,-0.01683457,-0.068434505,0.037312733,0.068949811,0.047243904,0.10105567,0.120348435,0.04482312,0.080367869,0.042495673,0.172382885,0.058486734,-0.034195551,-0.136814639,0.156677894,0.133704552,0.023362307,0.073895684,-0.024899551,-0.083689505,-0.016383214,-0.079609629,0.033778758,-0.128296687,-0.049590668,0.058366851,0.0475484,-0.047738637,-0.042314773,-0.033646301,0.205443925,-0.055298105,0.04208263,0.240882816,0.085274553,0.088788672,-0.041064435,0.084958496,-0.09152558,-0.122249707,0.069535783,0.068931913,0.2571483,0.014256135,0.137567852,0.023560181,0.162261804,0.035399961,-0.013272405,0.096540281,0.006037657,0.093310369,0.022958659,0.123332612,0.305456653,0.096495124,0.157928153,0.045510448,0.051086518,-0.00941984,0.060804293,0.254379963,0.220335749,0.279650554,0.16457186,0.018811468,-0.10692011,0.159974115,0.076201375,0.236991605,-0.033100216,0.116340006,0.196539703,0.020883678,0.154595771,0.143989335,0.40492675,0.007293013,0.084536205,0.006872416,0.182656946,0.149390279,0.161135637,0.002922182,-0.048838829,0.133098246,-0.090055473,-0.143320949,-0.060727778,-0.082055527,-0.063709255,-0.070080104,-0.082901221,-0.074780201,-0.016153402,-0.041114775,-0.024843039,0.042547866,0.078297568,0.079268799,-0.050311975,-0.035040894,0.151679726,0.021462292,0.082255754,0.119760439,0.030341125,0.087972325,0.015303259,0.032798144,0.017430929,0.099393623,0.093194523,-0.01297291,0.207151268,-0.060198311,0.07390884,-0.080355846,0.112830406,-0.058149917,-0.010847117,-0.047929392,0.013945398,0.001367804,0.093436995,0.223696506,0.022188793,0.158514295,0.083585133,0.11543571,0.091251759,0.080089001,0.036195958,0.125091254,0.058898939,0.045261062,0.061823551,0.029002957,-0.088545632,-0.09119346,-0.112758791,-0.001481665,0.075368135,0.1499097,-0.005263501,-0.008913679,0.036745683,-0.182640215,0.197229745,-0.025708916
ACH-000696,0.140578401,0.094696754,0.029392315,-0.2454917,0.096823489,0.002392717,0.099506771,0.065260443,0.07477389,-0.015117802,0.00106768,0.006619886,0.052190032,0.106916249,0.037396808,-0.011713616,0.094182547,0.008637875,0.000409657,7.28E-05,-0.00644048,-0.146746396,0.059330804,0.013923638,0.082025603,-0.050707488,0.038307479,0.065855752,-0.099141191,-0.142917117,0.193452421,0.101972201,-0.173207505,0.016339497,0.078492036,-0.063933416,0.093819186,-0.066654251,0.030155913,0.036425498,-0.10620274,-0.054222628,-0.027021444,0.111517709,0.012197785,0.01703028,-0.107329298,0.089576705,-0.024451035,0.04802836,-0.005721387,-0.086229706,0.100316969,0.16177687,0.024940303,0.261221347,-0.033968197,-0.039408018,-0.053015385,-0.130961133,-0.006635106,-0.085355541,-0.050561258,-0.027939624,-0.155366995,0.001218541,-0.087930201,-0.062351476,-0.061088036,-0.111360704,-0.119978856,0.043519662,-0.013778357,0.078455354,-0.005407418,-0.070256168,-0.031137293,0.056911743,-0.088033368,-0.028774982,0.064813218,-0.127128724,-0.093874172,-0.152213441,0.131702446,-0.162048786,-0.191579742,-0.205173523,-0.061054299,-0.107373223,-0.125682831,-0.045861554,-0.073217052,-0.054128238,-0.100917004,-0.038432296,-0.045178338,0.031844736,-0.079053505,-0.009844909,0.07431519,-0.133915093,-0.045772271,-0.008150255,-0.024724519,-0.047637358,0.029407311,0.117943358,-0.21291003,-0.05049551,0.007831563,-0.037197441,0.021815203,0.122472584,-0.034554393,-0.040890283,0.045725312,-0.043860849,-0.011559928,0.057758694,0.007424461,-0.025417783,0.077690367,-0.024777463,-0.095075139,0.089428421,-0.079929193,0.16483225,0.114603179,0.009656947,-0.050539685,-0.06710743,-0.10213765,-0.17444244,-0.12339814,0.04932705,-0.112895969,-0.20700836,0.050218489,-0.110944349,0.036259062,-0.108557323,-0.137875896,-0.150303745,-0.120224093,0.059706381,0.041234668,0.02623244,0.042227124,0.037469131,0.003465595,-0.119300785,0.172539872,-0.091025402,0.031007051,-0.109758299,0.182392896
ACH-000900,0.089592728,0.32145798,0.166350645,0.212553586,0.230052781,0.37225462,0.306780188,0.253720586,0.120127784,0.1856081,0.096349697,-0.049895043,0.104803309,0.157006944,0.204166556,-0.020942586,0.077484974,0.016081041,0.027669771,-0.143236672,0.025102036,0.014239746,-0.00459697,0.01778912,0.18633236,-0.053145029,0.023707431,0.009102003,-0.003196733,-0.02274573,0.14119757,0.09286118,-0.073215231,-0.081508958,-0.069456002,0.044196916,0.079483276,0.090284717,-0.040859565,-0.033072117,0.033707369,-0.020269886,0.144234146,0.024625418,-0.009642243,0.114758593,-0.092816425,0.018051042,-0.031332472,0.072084616,0.022003732,0.10049305,0.167595802,0.198753037,0.005431383,-0.004714578,-0.074175949,0.038539327,0.122214195,-0.005089264,0.065738699,-0.135145859,0.010771983,-0.250221424,0.085246965,0.029491033,-0.031326609,-0.005114928,0.117549176,0.023214213,0.101815405,0.125658314,0.018512598,-0.103295399,0.183860473,0.093205198,-0.142113478,0.154154025,-0.056917563,0.062905084,-0.13534581,0.099023854,0.053708954,0.002388542,-0.081282583,-0.077925579,-0.074022715,0.140142084,0.08815356,0.032251672,0.200357293,0.022304313,-0.003681644,-0.046639076,-0.062287824,-0.111837462,-0.133471156,-0.142181444,-0.113260948,-0.032317559,0.129364262,-0.054794005,-0.048186234,-0.046535269,0.038185162,0.041933289,0.110318247,0.169902902,0.109499351,0.107571751,0.052302132,-0.059092777,0.07438509,-0.05763719,0.053693839,0.043313794,0.051723245,0.021670112,-0.005397875,0.02193951,0.048471018,-0.050583925,-0.020783184,0.039790694,-0.156569314,0.128119708,0.243614269,0.007283285,0.035424545,0.13001672,0.034747771,-0.165499273,-0.047519419,-0.219142175,-0.162412193,0.002171129,-0.171052286,-0.274462941,-0.04566757,0.026946034,-0.059813948,-0.106221698,-0.285571196,0.07466848,-0.113344333,0.004776395,0.025295215,0.117973718,-0.04247439,-0.156373144,-0.125075243,-0.033739906,0.201444937,0.007700864,-0.088953092,0.049592378,0.118425528
ACH-000019,0.123927339,0.089917333,0.002762425,0.179973617,0.070141851,-0.02971641,-0.051566145,-0.020147724,0.004883188,0.027965607,-0.027610887,0.007651906,-0.073019585,0.048370667,0.132392269,-0.01486524,0.048021085,-0.126895718,-0.059247567,-0.010764965,-0.038159748,0.026287656,-0.031400163,0.098726023,0.016704996,-0.103533563,-0.334051659,-0.047763515,-0.03177341,-0.033284972,0.09114739,-0.001720882,-0.072349506,-0.029953842,0.173538842,0.084681247,0.074715865,-0.041945442,0.027141717,-0.017355075,-0.103568406,-0.088324169,-0.004450461,-0.053837201,-0.009159002,-0.106092582,0.020371869,0.041538382,0.027057367,-0.033448434,0.020513879,0.009431557,0.008609349,0.023589844,0.049594127,0.080187452,0.022892413,-0.140026302,-0.01325315,-0.033450278,-0.016068718,-0.054005303,0.016965731,-0.176466278,-0.044096107,-0.020144545,0.100945106,0.23351502,-0.031628345,-0.05112714,-0.080695794,-0.093781883,-0.0484224,0.124933541,0.021612345,0.036236499,-0.109184378,0.152777902,0.048062288,-0.019073296,0.137181102,-0.034517091,-0.124791136,0.146159773,0.079938233,0.026074019,0.104230274,-0.017459368,-0.001682266,0.035000937,0.001596879,0.101927687,0.121217393,-0.047347416,-0.043558452,0.005468939,-0.059757965,-0.00175535,0.070237012,-0.043510767,-0.088687322,-0.086764007,-0.01707662,-0.038881325,0.106968138,-0.115474071,0.13611975,0.052136369,0.02991511,-0.023849076,0.013232733,-0.013055402,0.017508415,0.021955143,-0.058366694,0.028979619,-0.046798146,0.002851277,-0.144278591,-0.02244517,-0.006025456,-0.127259279,-0.138412267,-0.02274984,0.018825944,0.034700863,0.154120426,0.091853822,-0.033145508,0.044422433,0.052036987,-0.180726613,0.051781723,-0.051249525,-0.226161877,0.069249772,-0.089816162,-0.165444797,-0.014291953,0.163889612,0.005387048,0.147360267,0.038165944,0.027147349,0.05203931,0.019612715,0.042749199,0.013262971,0.063124416,-0.076148871,0.038527982,0.231216215,0.016349942,0.037840251,-0.04736452,-0.01223485,0.046258085
ACH-000649,-0.005185538,-0.191594039,-0.335910968,-0.281059305,-0.587306156,-0.078814317,-0.022872365,-0.241471794,-0.11766763,0.022802462,0.046086588,-0.103750096,0.012709086,-0.041892892,-0.016258875,-0.052177897,0.005628319,0.008228892,0.118676852,-0.019255705,-0.054716164,0.022278774,-0.136229462,-0.003278519,-0.068706948,0.059467844,0.278831855,0.039435929,0.0345444,-0.022044262,-0.16968916,-0.018814303,0.003476081,-0.004934293,-0.055627223,0.086102434,-0.079727603,0.007750576,-0.023926715,-0.047205759,-0.086500121,0.048230077,-0.011489983,-0.100418585,-0.102473413,0.184172349,-0.052759484,-0.137580283,-0.196572789,-0.13117166,-0.006021259,-0.112854497,-0.021837079,-0.100042888,0.007129806,0.030216186,-0.191231051,-0.026909833,-0.107361552,-0.144872059,-0.155304934,0.009759663,-0.269599305,-0.168103649,0.003215536,0.060959322,0.128787438,0.076255649,0.027733001,-0.134791107,-0.190593921,-0.029932621,-0.103361056,-0.015739137,-0.020563962,-0.133761344,0.020564256,-0.219470504,0.003504242,-0.07177454,-0.14318935,0.004394605,-0.043738192,-0.04743693,-0.024373491,0.004557864,0.068905268,-0.010620103,0.008246982,-0.052043473,0.115922105,-0.11984564,-0.164202186,0.007528044,0.105944779,0.012918455,-0.055289265,-0.171043952,0.03209765,-0.014705587,-0.059206847,-0.020575979,0.079960137,-0.073445481,-0.118767006,0.00982616,-0.133859507,-0.265907994,-0.035685695,-0.026967802,0.087619495,0.005437162,-0.025518291,0.003594474,-0.046273273,-0.072510344,-0.02156437,-0.065486974,0.048667292,0.015930625,-0.056244142,0.031947764,-0.096314163,0.010722522,-0.116470706,0.029234454,-0.10601646,-0.173856171,-0.032166818,-0.13760804,0.034773858,0.035047032,0.123520864,0.053495314,0.051551642,0.100915584,0.075612221,0.106489236,-0.087920496,0.031395848,-0.046819396,-0.111885763,-0.003607249,0.006149669,-0.017074787,-0.044335629,-0.102806262,-0.087597654,-0.03562581,-0.057565833,0.009727925,-0.233809595,-0.026139614,0.155004982,-0.005803448,0.044244605,0.026946016
ACH-000966,0.134647418,0.147891969,0.030134859,0.20741151,0.194487801,-0.065656169,-0.170769165,-0.018264054,-0.152998085,0.261846636,-0.062049865,-0.073735084,-0.092420798,-0.12012707,0.012001996,-0.130214355,-0.081563442,-0.179489778,-0.136866683,0.039339761,0.149006229,0.003858686,0.05483567,-0.017062809,0.061595346,0.217027769,0.152965607,0.023092976,-0.069175695,0.015264843,-0.05853048,0.095937872,-0.051189932,-0.012140337,-0.024908351,0.107641309,0.018013188,-0.016359422,0.031795853,0.015061636,-0.044585623,-0.187884921,-0.050976464,-0.080021692,-0.023814912,-0.086003537,0.035501706,-0.078243987,-0.109534729,0.014405674,-0.083222215,-0.149831205,-0.063271736,-0.170612981,-0.023473051,0.063102112,0.059038292,-0.136619463,0.122150895,0.11548422,0.064815392,-0.025066905,0.105251021,-0.211132189,0.014147796,-0.067384956,-0.011779732,0.121862138,-0.149012335,-0.079137643,-0.183581292,-0.11930284,-0.106932313,-0.060107239,-0.005487657,0.025057381,-0.09505717,0.148502954,-0.11133368,-0.148443601,-0.107306508,-0.030977772,0.08144352,-0.264874993,-0.101831775,-0.02788244,0.009077885,-0.082814591,-0.003183879,-0.082736681,-0.087245771,0.077391348,-0.147840755,-0.036770775,0.010551592,0.069990373,0.025326321,-0.032285873,0.070235269,0.028972494,-0.124990168,0.025077461,-0.053984453,0.004541553,-0.099763807,-0.150816009,-0.036003716,0.12376947,-0.097788726,-0.119902766,0.01640075,-0.052253073,0.035897951,0.034460268,-0.054445123,0.020965842,0.011154774,0.082074336,-0.132680478,-0.029388959,-0.061224914,-0.139762838,-0.122143925,-0.099129762,-0.013173433,0.005794942,-0.262815707,-0.004161231,0.086781685,-0.050037154,0.008277346,0.035885102,-0.18658923,-0.010169058,0.036098634,-0.163081282,0.136866013,-0.051097917,-0.168646436,-0.102690392,0.027925105,-0.012838322,-0.020175686,-0.087572517,-0.094245655,-0.091113884,-0.130543818,0.025794049,0.082801813,0.116674713,0.081592529,0.07257091,0.040444321,0.06242246,-0.149630053,-0.102334467,-0.056495311
ACH-000002,0.0250807,-0.155012526,-0.024320854,0.129762524,-0.112534911,-0.030819535,0.10755736,0.099772365,0.169212095,-0.100798885,0.006292784,0.06679095,-0.029327878,0.018894145,0.066337753,-0.020235782,0.019853519,-0.096121593,-0.04858443,0.031307016,0.134409309,-0.089765879,0.029925522,-0.089694849,0.164714346,-0.11751101,0.116283452,-0.046778729,0.072538313,0.012200061,0.044388295,0.004563522,-0.099024308,-0.034344271,0.031061371,-0.091377236,0.068169309,-0.01616867,-0.013762727,0.033644944,-0.019608705,-0.092217281,0.049254975,0.074613637,-0.036101066,0.101079532,-0.028831628,-0.031413128,0.009380309,0.022431633,0.148770942,0.000578743,-0.089726839,-0.116998775,0.089050821,0.126549346,0.036167315,-0.15175646,-0.048714477,0.107988594,-0.117064738,0.104314771,0.080215328,0.000567373,-0.181174967,0.040300642,-0.103336786,-0.249920144,-0.033427039,0.0885964,0.010908191,0.10028219,-0.013550489,0.003364396,0.04767189,0.082875387,0.009976344,0.028835967,-0.055945147,0.028093477,-0.099806022,-0.082712662,0.032895986,0.130884169,0.013671964,0.001928729,-0.139287341,-0.10868266,-0.0737196,-0.028723109,-0.168614465,0.14423781,-0.051718302,-0.06712516,-0.035077332,-0.092713321,-0.023683054,-0.001652382,-0.105750166,-0.035666617,-0.052240209,-0.128099006,-0.076921167,-0.20654169,-0.189104169,-0.133481523,-0.291160631,-0.158416944,-0.190671927,-0.219906267,-0.165377252,-0.029571949,-0.122912147,-0.149054523,-0.064366474,-0.109657294,0.003713725,-0.075584854,-0.018190626,-0.070371372,-0.01705518,-0.096412582,0.015928886,-0.026095683,-0.010807457,-0.030228381,0.052172001,0.082829998,-0.01200256,-0.037816361,-0.08341546,-0.08684367,-0.118741385,0.069687267,0.024265884,0.065065205,-0.058456142,0.136143866,0.145580844,0.148839468,0.055500769,-0.032654306,-0.195619466,-0.100077131,0.111661884,0.059395977,-0.047346697,0.034618877,-0.090511182,0.060134554,-0.08279794,0.084527461,-0.059154143,-0.024832309,-0.061274866,-0.11933999,-0.037248042
ACH-000651,-0.107628584,-0.059423352,-0.242092069,-0.216745841,-0.484780102,-0.114823291,-0.061957684,-0.221089574,-0.058511736,0.06425631,0.03061411,-0.224558005,-0.025354503,-0.027904458,-0.004439483,-0.131920837,-0.047002221,-0.039531744,0.009754175,-0.142754356,-0.019272289,0.065837791,0.018983705,-0.038819795,-0.154570951,0.000884017,-0.057621801,0.032329778,0.10291596,0.034309836,-0.090554293,0.064914621,-0.012117366,-0.049332341,-0.167324611,-0.235473372,-0.034412876,-0.096169137,-0.036575762,0.014040372,-0.205672193,0.09405404,0.028391129,-0.077242503,-0.142899364,-0.048211146,0.061288259,-0.0403574,-0.003913248,-0.220979553,-0.116206059,0.056502273,-0.029889523,0.064328342,-0.060364722,0.123441742,-0.083600811,-0.118863358,-0.077588073,-0.04643172,-0.151268052,-0.039524708,-0.3053701,-0.129379948,-0.076369914,-0.168764864,-0.048856036,-0.079120371,-0.022055157,-0.171731489,-0.141882374,-0.283505721,-0.026842955,0.031663039,-0.258652281,-0.156335861,-0.155546307,-0.214522973,-0.061813679,-0.136696673,-0.216482605,-0.061967456,-0.194169373,-0.14624145,-0.151954418,-0.051705522,-0.06562503,-0.16132607,-0.00539255,-0.167258728,0.060326488,-0.348461331,-0.273511156,-0.039202582,-0.100227765,0.028272457,-0.086807318,-0.003364518,-0.049672386,-0.063067037,0.048976603,0.010057332,-0.097178413,0.045198096,-0.143194769,-0.32762893,0.049765257,0.136075818,-0.025742473,-0.032436753,0.046384617,-0.04956705,-0.110007696,-0.021931896,-0.037766769,-0.023476735,-0.112477516,-0.065136418,0.004321966,-0.018103189,-0.024786672,-0.051207192,-0.065837371,-0.029956996,0.027228295,-0.129975778,-0.141222901,-0.118817153,-0.072588337,-0.171925913,-0.105082104,0.020933254,0.082156438,-0.082192569,0.145608716,-0.095207082,-0.024497927,0.062878235,0.170648268,0.080914212,-0.269444331,0.007930657,-0.055852535,-0.192508232,-0.083880094,-0.005703448,-0.019045361,-0.08755596,-0.123309503,-0.12961287,-0.078527559,0.236730256,-0.084235213,-0.115115664,-0.148378025,-0.038827932,-0.05318181
ACH-000971,-0.207489086,-0.051177555,-0.063446427,-0.069609937,0.297139882,-0.032249201,0.024974652,0.05964827,0.049197571,0.247536185,0.192064396,0.084276424,0.078154524,0.019450803,-0.081302708,-0.029050409,-0.02200663,-0.121416687,-0.147920181,-0.016782041,0.076094241,-0.092758116,0.030638556,-0.012294422,-0.136490523,0.075840715,-0.057495636,-0.061184755,0.096492117,-0.047473198,0.08562025,0.095485723,-0.052285666,0.093818485,0.04779945,-0.074627254,0.022698291,-0.06561005,0.144194218,0.117328891,-0.024742418,-0.224554019,-0.012187032,0.116406742,0.01726673,-0.184323382,0.177882212,0.051940056,0.039727859,-0.015022875,0.125874318,-0.00961475,-0.065479146,0.081189419,0.012838432,0.080735311,-0.016974828,-0.089914582,-0.162991153,-0.207079535,0.083407459,-0.004453025,0.005191049,-0.102220273,-0.027917401,0.015212765,-0.039091743,0.011105526,-0.041379828,-0.090833714,-0.032710624,-0.047117081,0.072947445,0.128596341,0.036915639,-0.128896522,-0.16848002,-0.014698525,0.01830392,-0.056827878,-0.060691431,-0.04569957,0.064963232,-0.067836173,0.179487764,-0.1130671,0.040694203,-0.127904214,-0.027804551,0.016614779,0.001468871,0.123293633,-0.107669469,0.041510582,0.005296618,-0.037688122,-0.003523975,0.009660233,0.020744053,0.059941133,0.06274724,0.086510725,-0.019640585,0.080536688,0.122337802,-0.057968019,0.042825847,0.320257883,0.005686683,-0.002485768,0.07980839,0.10107251,0.049109221,-0.030541614,0.033963793,0.124701208,0.022847696,0.086299408,-0.020286861,-0.083224201,0.006726983,-0.154198816,0.124045862,-0.001025862,0.056973981,0.00981926,0.017738519,0.076225166,0.042303492,0.070469559,0.002456236,0.059773253,0.086092312,-0.108770476,-0.004191502,0.120633713,-0.019638902,0.10367382,0.127662278,0.113192169,0.426354792,0.063022519,0.077244966,-0.1459903,0.194093325,0.149168523,0.131502211,0.107610063,0.020673306,0.004408013,-0.074313452,-0.123479922,0.112802477,-0.088191849,0.0854546,-0.131780943,-0.001885691
ACH-001190,0.234509052,-0.126870815,-0.187268168,-0.194467419,-0.0948829,0.303841784,0.275935471,0.415722879,0.08013517,-6.21E-05,0.017880922,0.010955886,0.09187719,0.031066953,0.031493486,0.194103058,0.071607368,0.112955062,0.083370948,-0.085722233,-0.141844428,0.086932688,-0.055646466,0.075522911,0.045018874,-0.019481309,-0.02558806,-0.030069289,-0.038731513,-0.05136904,-0.155626029,-0.070715637,0.034333559,0.030150342,0.128637026,-0.039076412,-0.063115618,0.155742135,-0.011922684,-0.045303137,0.047913703,0.148439374,-0.005970635,-0.113437578,-0.000432478,-0.140611071,-6.01E-05,-0.001201249,0.060114496,0.138169093,0.033652297,0.00441981,-0.152314902,-0.145036463,0.14605364,0.175473349,-0.005518558,0.087693253,0.087097557,0.035191263,0.026348991,0.112897432,-0.046065561,0.148302303,0.030406447,0.016243542,0.075358148,-0.004734162,0.147969996,0.015084384,-0.195526695,0.103585982,-0.028677861,-0.16460874,0.134841135,0.0330855,0.203371785,-0.023277247,-0.055134675,0.107179852,0.327345361,0.15761485,0.20827788,0.245662952,-0.089056473,-0.037570965,0.050657122,0.134842206,0.148975274,0.1609758,0.025677406,0.170186125,0.102772622,-0.021026024,0.049686565,0.046427508,0.032036736,-0.036378489,0.08696858,0.014369674,0.165392092,0.019057161,-0.120194185,-0.138747699,-0.010259023,0.231203523,0.137502611,0.135928762,-0.008646375,0.171943663,-0.033393004,0.080794692,0.027509051,0.10388387,0.079343518,0.092230377,-0.010122348,0.017581791,0.041946578,0.015865561,0.128468742,0.089938408,0.025780447,0.067357425,-0.023817472,0.168316102,0.356079593,0.028124608,0.045796056,0.151303463,0.090727823,-0.065966511,0.057873364,0.26380049,-0.089028085,0.077168165,-0.022904446,-0.196930856,-0.071982211,0.024573802,0.102495185,0.123702978,-0.163946403,0.160297048,-0.046328592,-0.110422241,-0.02113078,-0.201093093,-0.158173893,0.048709307,0.063409786,0.0499858,-0.027455202,0.065727089,-0.166710874,0.069170635,0.114275002
ACH-000681,0.192548478,0.062906013,-0.338662776,-0.20210839,-0.200061728,-0.023780009,-0.147107543,-0.163217624,-0.15342445,-0.387290915,0.017300185,0.017188581,0.000600138,0.200055461,0.054331373,-0.034388348,-0.017524319,0.048132199,0.048666998,0.004817334,-0.03975405,0.077759915,0.202273403,0.237470424,0.166061938,0.22101316,0.143654243,0.098938458,0.032512621,0.102084943,-0.02173048,0.042304277,0.207533872,0.038038922,-0.180952427,0.006052457,0.162335648,0.032477078,-0.132439474,-0.058402044,0.073662316,0.023782226,0.150306779,-0.062241572,0.049121748,-0.139507685,-0.201105326,0.050827628,-0.06172886,0.027974579,0.00419821,-0.001530444,0.168850867,0.107224104,0.06295499,-0.051193116,0.108930633,0.087388942,-0.028264069,-0.096171651,0.166339568,0.234869984,0.133949615,0.148951805,0.147544556,-0.110743479,-0.004575081,0.011167244,0.216500952,0.075880839,0.163955411,0.075402016,0.018327537,-0.03215308,0.076271678,0.146627357,0.056769632,-0.081415687,-0.076664997,0.0243854,-0.229636039,0.084121699,0.13635183,0.270179331,-0.020712312,-0.023840163,-0.003365274,0.091199274,0.126102725,0.045304623,0.033651558,-0.118612103,-0.159563499,0.006174665,-0.037413762,0.147399402,0.04836639,-0.083094974,0.001467717,0.078939122,0.02917838,0.096371133,-0.040392681,0.040862925,0.078435437,0.13276486,0.037738002,-0.135438714,0.055545475,-0.00358339,0.07493872,0.125230117,0.179448038,0.091082804,0.131395197,-0.041335203,0.0260702,0.015797081,0.12009988,0.03380181,0.032432676,0.176095348,0.042230616,0.031166128,-0.078080317,0.115423986,-0.210836341,-0.121003523,0.002458483,0.078525496,0.046309446,0.204968907,0.180546071,0.189084205,0.126976978,0.203017158,0.0705645,0.335933001,0.175705834,0.248723611,0.369506289,0.146199518,0.021765965,0.186962696,0.196444308,0.057387575,0.030028259,0.072414697,0.118198098,0.02702651,0.068445847,-0.373731183,-0.042802285,0.091874741,-0.290648425,0.116881289,-0.035033037
ACH-000343,0.125660269,0.184913139,0.005880592,0.305881016,0.250678007,-0.171686817,0.124826397,0.057881014,-0.242982325,-0.317697914,0.088193546,-0.004144565,0.057763268,0.135081908,0.098915827,-0.038188819,0.091792474,-0.035571402,-0.07341083,-0.065649761,-0.01183076,-0.016323376,-0.056903548,-0.02022951,-0.032609194,-0.064083135,0.005529066,-0.116886499,-0.070231216,0.000964699,-0.019589156,0.053608581,0.088682956,-0.034894697,-0.219721693,-0.018460242,0.068095338,-0.041419229,0.068189752,0.021023901,0.003423389,-0.132801627,-0.11946572,-0.023805245,0.035410991,0.072642044,-0.094817099,-0.037607508,-0.023102295,-0.062903719,0.02604455,0.072903217,0.008400129,0.042679294,0.180058471,0.093507795,0.070132263,-0.014653086,0.05077721,0.009957602,0.094643944,0.045157342,0.17385783,-0.002385444,0.115436227,-0.123385085,-0.012566305,0.001115361,-0.070975062,-0.002973586,0.070581291,-0.081717897,0.034336138,-0.127943359,0.004421458,-0.103922761,0.037663551,0.133281566,-0.048859109,-0.039168027,-0.108321811,0.012465813,0.002471098,0.042529371,-0.08606876,0.042744,-0.015764801,0.105990591,0.165660166,-0.003774311,-0.05469091,0.159660969,-0.131563894,-0.012590431,-0.054362912,0.047565347,-0.089288845,-0.117073326,-0.0286789,-0.012740574,0.087607325,-0.059101648,0.04242182,0.024997436,0.051511839,0.024077527,0.006934194,0.036036927,0.011264124,-0.080258123,-0.045840302,0.017849162,7.65E-05,-0.004222829,0.017599785,0.065722139,0.028587451,-0.028016782,0.008463498,0.102995512,0.03859369,-0.001998993,-0.086087053,-0.016561138,0.070311792,0.204162545,-0.040542052,0.024140565,0.007106765,-0.032836778,0.034658777,0.002750437,0.095534151,0.0914414,-0.019621928,0.100036855,0.092519611,0.049967326,0.039357051,0.237249055,0.066733036,0.139118788,-0.010869186,0.026735946,0.063501119,0.052871594,0.109480982,0.093813553,0.033656316,0.033672146,0.006225875,0.285521829,-0.267787292,-0.036191109,0.069741394,-0.029418877,0.00979596
ACH-000232,-0.059458374,0.134125312,-0.008467012,0.022757485,-0.194708049,0.17643852,0.205623502,0.192550394,0.243361251,-0.028618797,-0.107704275,0.119892995,-0.084790132,-0.055368985,0.048259984,0.112906982,-0.046194587,0.02482167,-0.254332582,-0.113634651,-0.118847803,0.032534743,-0.028746346,-0.014503881,0.001713085,0.056894671,0.051161229,-0.022428871,-0.08197021,0.062676885,-0.038649223,-0.075183208,-0.079444641,0.064510295,0.047783261,-0.053068738,-0.042532635,0.083023113,0.000833048,-0.121017311,-0.038442954,0.089259426,-0.033773836,-0.064790436,-0.028674926,-0.034867331,-0.10121263,0.023908086,-0.098651204,-0.050577856,0.051327064,0.045708914,0.098380958,0.098902721,0.099021311,-0.114811946,0.019955152,-0.024916507,0.026532357,-0.051610504,0.001177291,0.023414423,-0.124490446,-0.077503494,0.023976485,0.002028354,0.029388686,0.026567311,0.03390689,0.066191651,-0.121042999,0.019169022,-0.047126243,0.120943867,-0.128527178,0.01748182,0.106371183,0.096209564,0.059186083,0.026383462,0.277206968,-0.033161961,-0.078795602,-0.164066095,0.101440749,-0.018865312,0.013660111,-0.026166438,-0.13232097,0.039800697,-0.052479191,-0.004014764,0.018885262,0.004176326,0.035121434,0.003657293,-0.053692229,-0.004687713,0.035040234,-0.037241883,0.146670095,-0.055347241,0.087767647,-0.086986479,0.050701724,-0.051443965,0.028514797,0.091423966,0.039206686,0.001135364,0.031592792,-0.086391343,0.051545379,0.038234774,-0.038670645,-0.08714955,-0.093078292,0.003839823,-0.014647499,-0.024735113,0.019409959,0.073253244,-0.1018391,-0.080469706,-0.054942388,-0.021035823,0.219089151,-0.026044432,-0.039471962,0.018916165,0.118159554,-0.008370445,-0.169349343,-0.127966452,-0.025408392,0.049787276,-0.127685041,-0.072956733,-0.23453949,-0.064803995,-0.061544615,-0.010077507,-0.021959474,0.015457554,-0.166520529,-0.098427846,-0.120814922,-0.063044816,0.046344102,-0.096485005,0.152188744,-0.140732702,0.098306557,-0.000289883,0.261310954,0.023482429,0.053826577
ACH-000046,0.236463267,0.099932874,0.114727443,0.012946964,0.010635336,0.04754475,0.14290691,0.121666221,0.096666204,0.172864066,-0.064796926,0.116263306,-0.019582906,0.100655845,0.070745451,0.044703944,-0.04009449,-0.078532908,-0.286311171,0.000662101,-0.077091227,-0.040362128,-0.036853573,-0.043171681,0.049989183,0.084384499,0.13611984,-0.004086659,0.107659963,0.06421641,0.048271117,0.097070247,-0.024505787,0.041456023,0.195428277,-0.013616012,0.071695742,-0.107489892,-0.027668185,-0.074107582,-0.04262474,0.014655487,0.057002393,0.056535477,0.046478563,-0.073343284,0.087482305,-0.002155176,-0.055198875,-0.075575959,0.074748919,0.003228752,-0.023770423,0.030402514,0.043516814,0.047811374,0.062933174,-0.044172491,0.031511664,0.162856139,-0.070616873,-0.076725165,-0.108086842,-0.097123524,-0.149857488,0.034686724,-0.037897801,-0.090351508,-0.091731792,0.026895782,-0.237317727,0.171396651,-0.035942024,0.02043602,-0.080632627,0.017332498,0.038304285,-0.00998458,0.077802889,-0.078285121,0.036992987,0.032238402,-0.168170669,0.025681839,-0.045574709,-0.14647708,0.029258451,0.05118632,-0.083502377,-0.028177896,-0.065267175,-0.03670007,-0.096169525,0.103111113,0.203165794,0.106505335,0.074552141,0.079753645,0.14063896,0.055644787,-0.024940837,-0.057296546,0.120614258,0.032840925,-0.03755124,-0.119894736,-0.016463729,-0.066704914,-0.065574896,0.104646629,0.068110046,-0.0769984,-0.000660645,0.139169542,0.085853796,0.057384629,0.010735079,0.029316539,-0.014454189,0.049211387,0.071581274,0.030992751,-0.000522787,0.062254414,0.036941821,-0.024165229,-0.04508791,0.058969807,0.025956016,0.031243315,0.012525915,-0.036486706,-0.014008629,0.039069832,-0.078469714,-0.095063602,-0.011541762,-0.050310686,0.013800316,-7.78E-05,0.070902075,0.032331213,-0.084323604,0.010757481,0.060149471,-0.009913409,0.000708121,0.043258036,-0.020240505,-0.018763149,-0.115831812,0.107952598,-0.026039483,-0.057299372,0.117438426,0.045330393,0.041640583
ACH-000817,-0.018801268,-0.161346323,-0.242136154,0.025312263,-0.050339016,0.0404268,-0.02375479,-0.100261817,-0.289659991,-0.150719849,-0.037983497,-0.00021942,0.011317823,-0.102889315,-0.114519606,-0.016561526,0.005289702,-0.144914444,-0.004766513,-0.081322452,-0.259255044,0.013328654,-0.179880315,-0.068764366,-0.079057425,-0.088902297,-0.043649845,-0.093729376,0.014771108,-0.157623333,-0.147238946,-0.107728234,-0.127475636,-0.028679418,-0.28303249,-0.053989782,-0.111932405,0.084474784,-0.035482982,0.112598264,-0.062600336,-0.13225435,-0.001454404,-0.016301072,-0.011876268,0.001180814,-0.116514749,-0.191700496,-0.04378294,0.013584039,-0.252889483,-0.050341471,-0.205438062,-0.149574671,0.013080415,-0.099894533,0.024898429,0.078341234,0.037712897,-0.108891665,0.078883548,0.149633211,0.053766254,-0.032982848,0.067502214,-0.01346248,-0.137645395,-0.041315205,0.112403709,0.038288535,0.078301532,-0.057750991,-0.006436225,-0.07201825,-0.106851617,-0.170559445,0.071179127,-0.146712388,-0.284110508,0.054816989,-0.182576221,-0.132567938,-0.028345739,0.19317219,0.222128648,-0.003474485,-0.08006669,-0.122163372,0.021254522,-0.019595816,-0.216601447,-0.033613716,-0.124547711,-0.051651175,-0.056687618,-0.063521677,-0.035438787,0.011080292,-0.064328474,-0.075289799,-0.029330483,-0.221914683,-0.072944881,-0.214083731,-0.238777243,0.033131651,-0.187918525,-0.106459074,-0.12535807,-0.285696192,-0.034355763,-0.066875362,-0.072783479,0.000868008,-0.040716014,-0.088821213,-0.048168958,0.028342058,0.019503168,-0.00479441,-0.032068375,0.047239036,-0.112173289,-0.059584798,-0.139830952,-0.01899701,-0.021396757,-0.04870418,-0.068050996,-0.098653289,-0.17298541,-0.119750142,0.080015726,-0.214278349,-0.117138679,0.009159177,-0.182946763,-0.104801322,-0.115744064,-0.026141084,-0.152516803,-0.242733459,-0.17967731,-0.077879228,-0.080251699,-0.101745411,-0.042408053,-0.149204369,-0.052737718,-0.198020683,-0.133803928,0.006787396,-0.021117904,-0.11118777,-0.037546705,0.005610619,-0.186552178
ACH-000849,-0.173026048,0.232790796,0.150993593,-0.132279636,-0.10086389,0.086030297,0.023440885,-0.076658073,0.056224075,0.303642918,0.009716308,-0.093778954,-0.027128465,0.066124068,0.000330945,-0.00451686,-0.037017239,0.043570073,-0.080549574,0.080788507,-0.109896984,0.141279123,0.018688046,0.048347409,0.125659639,-0.077123644,-0.120057928,0.066972285,-0.100376869,-0.106027616,-0.120970107,-0.082312839,-0.020356983,-0.250103204,-0.141347522,-0.089761778,0.089478863,0.071979399,0.023742326,0.048592922,0.085591438,-0.090359973,0.219047044,0.060842411,-0.03222006,0.065756949,0.060717433,0.138655613,-0.045274696,0.094718206,0.227003388,0.100462622,0.122167747,0.046001364,-0.079598166,0.275558028,-0.11683045,0.190419044,-0.058461537,0.065471242,0.075179609,-0.001424012,0.109666271,-0.040734454,-0.121107277,0.087019053,0.025472435,0.028651545,-0.099187257,0.005635902,0.089091103,0.079258397,-0.074159699,-0.015220515,0.032572188,0.000543555,-0.052498021,-0.035495603,0.003070026,0.069741766,-0.273471288,0.004302422,-0.214064487,-0.099678988,-0.073292996,0.020562908,-0.026099787,0.056614423,-0.039130629,-0.118081141,0.14721836,-0.31077888,-0.043860737,-0.033380318,-0.001172021,0.067375693,-0.022563402,-0.00692664,0.022945379,0.036480005,-0.002073611,0.050708904,0.015310306,0.038762756,0.059703446,0.38859705,0.197724738,0.140152344,0.068791739,0.078150455,0.19543915,-0.012195603,-0.020398011,-0.099495169,0.001480235,0.025326699,-0.060000084,-0.089960671,0.047872907,0.023494051,-0.085086506,-0.003397148,0.009636944,-0.115932302,0.049690405,-0.12709821,-0.006988611,-0.133217489,-0.013953682,-0.056673678,-0.043788387,-0.081516318,-0.130167963,-0.167994359,-0.096546455,-0.052270087,-0.114781663,-0.133221232,-0.043710806,-0.154019247,0.106866026,-0.033492444,-0.062776607,-0.042550008,-0.102116525,-0.107239937,-0.069128273,-0.146393564,0.098946695,-0.045231682,-0.093742795,0.199638606,0.154314666,0.087116791,0.070889053,0.057489651,0.029126123
ACH-000288,-0.239900667,0.073692246,0.089692991,0.043851829,-0.0244898,-0.224686789,0.371101087,0.264110447,0.321041081,0.069642897,-0.005505079,-0.039795964,-0.091536173,0.004758979,0.0010237,-0.101952242,0.143376174,0.048435169,0.06915211,-0.073336254,-0.04699573,0.072959672,0.013825135,-0.16868284,-0.066551834,-0.179728976,-0.049321429,0.081317954,0.013503179,-0.039148972,-0.115154448,0.004564627,0.146215261,-0.107639759,-0.131056402,-0.011080429,-0.005720706,-0.015384114,-0.057967969,-0.129438162,0.070247864,-0.019497752,-0.023479103,0.063719588,0.071272868,0.075492377,0.06947859,0.065382432,-0.082513955,0.046560666,-0.156747617,0.127758214,0.085189674,0.026769474,0.184843817,-0.133340177,0.064270134,0.069602755,0.203874372,0.106395978,0.023265905,0.062648467,0.184972937,-0.01674082,0.235826644,-0.014079053,0.028841821,-0.050935364,0.105679777,0.01110553,0.009309526,0.01521588,-0.03014658,-0.07241631,-0.037053515,-0.129925961,-0.059932206,0.074410406,0.150658286,0.006171632,-0.23576173,-0.027499558,0.089492194,0.153318553,-0.094548193,-0.045118066,-0.000604453,0.027639034,-0.116800782,0.105600819,0.036720664,0.087104481,-0.177662344,-0.028681098,0.057431387,-0.038890403,-0.04231229,-0.144609364,-0.049820458,-0.058089155,-0.147476461,-0.038206795,-0.093282411,0.025758122,0.036497238,-0.048681265,0.019117837,0.016262137,0.067195754,-0.013974619,-0.07226045,0.022140002,0.058066304,-0.026373359,-0.005087425,-0.010210681,-0.001366798,-0.080583233,0.019769663,0.039193856,-0.131401822,-0.005512322,-0.030427393,-0.03785629,-0.061550843,-0.066454009,0.288718096,0.008086195,-0.106420056,0.06391617,0.060057274,-0.028649529,-0.048227367,0.086923018,0.144969196,0.09626197,-0.004282071,0.209191654,-0.074197831,0.057915974,0.12737006,0.018942971,-0.057084074,-0.024319061,-0.000284795,-0.051277179,-0.010843769,-0.06028646,0.073785942,0.07918076,-0.000522581,0.111537196,0.127275879,-0.036619004,-0.305717845,0.024977466,-0.002926889
ACH-000730,-0.155917345,-0.235940759,-0.280405027,-0.207527848,-0.062710072,-0.158216953,-0.152443602,-0.066190708,-0.029840882,-0.329355435,0.062564607,0.029546986,0.068349739,0.020932512,-0.009188202,0.014652358,0.007288652,0.010148663,-0.138404877,0.073599574,-0.039421303,-0.02477502,0.056756576,0.064622301,0.031219855,0.126673556,-0.112381425,-0.000430706,-0.079085075,-0.156138686,-0.066275531,0.055054233,-0.047209363,0.067991817,0.099309141,-0.04014603,-0.017587017,0.053872014,-0.079113847,-0.052725536,-0.090119313,-0.049505128,-0.150243078,-0.171860143,-0.072229178,-0.135254576,-0.185790062,-0.042288215,-0.022771851,-0.10200959,0.015074202,0.024570393,-0.025961261,-0.202306122,0.061638982,0.145840585,-0.106252448,-0.13571817,0.1001946,-0.012734669,0.061563428,0.033084327,-0.041938971,0.104262473,-0.037050121,-0.14693377,-0.046969032,0.103822985,0.066931534,-0.093698798,-0.068397071,-0.022798978,-0.033748833,-0.103910508,0.149982647,-0.021059066,-0.030543762,-0.060394473,0.090334197,-0.031569481,-0.13280075,-0.037896922,0.173049034,0.240584198,-0.096602098,-0.034654654,-0.070490343,0.017184518,0.169944835,-0.004001187,-0.033867828,0.244131715,-0.04277419,-0.097729736,-0.122526354,-0.043521878,-0.080131821,-0.02825927,-0.097830624,-0.070758981,0.121079242,-0.077312188,0.000703995,-0.030521091,0.030309771,0.111016647,-0.115646838,0.141360768,0.038916075,-0.018476708,-0.076611122,0.013696331,0.056070748,0.046588103,-0.012638512,0.030374676,0.031314826,-0.018108139,-0.018143802,0.08912426,0.111401224,-0.008687555,0.012764618,0.023204578,0.086771455,0.170351882,-0.078921251,-0.065303382,0.088905644,0.13993334,0.033085262,-0.053828762,0.082606442,0.170934031,-0.003010062,0.129980188,0.113676012,0.034160674,-0.045501966,0.208622534,0.303374679,0.128777834,0.096532961,0.195035108,0.10878051,-0.059601094,-0.032146071,-0.054414204,0.102547691,0.059949312,0.156574367,0.142655216,0.187554085,-0.000822151,-0.156365039,0.103900353,0.041283913
ACH-000090,-0.048821876,0.026733297,-0.329802618,0.017354579,0.386346546,-0.124471138,-0.195532424,-0.06218566,-0.137058119,-0.326229106,0.059965623,0.110381309,0.0421829,0.094983888,-0.019950619,-0.020998387,0.105112439,0.011620388,0.029218741,0.033854387,0.051590729,0.045231126,0.036384093,0.117533982,-0.024129683,-0.138377217,-0.12002574,0.048189462,-0.067195607,0.100068589,0.037632439,-0.03141743,-0.042424473,-0.255158054,-0.251988756,0.042887104,0.123417285,0.024625647,0.082151902,-0.010871152,0.074338156,-0.126118326,-0.031510266,0.076741239,0.08330001,0.095591292,-0.011006335,-0.026095118,0.043487077,0.058126317,0.097253867,0.050639715,0.09271978,0.140354132,0.1530863,0.132254534,0.115788583,0.070974162,0.074619771,0.111389994,0.023504586,-0.009478933,0.190426457,0.111374692,0.050877226,-0.118468114,0.041733376,0.08501212,-0.09080826,-0.054459805,0.001365707,0.137128311,0.071558299,-0.012293615,0.045056122,-0.060860687,0.028400451,0.039683906,0.06196133,0.010949737,-0.233993992,0.023765368,-0.193119707,-0.24938649,-0.006123655,-0.120281911,0.029592646,0.229221121,-0.116195453,-0.074060086,0.139593887,-0.01914367,0.003078216,0.018882974,0.051140716,0.006747371,0.062528116,0.049257225,0.028488081,0.032150193,0.04704973,0.052491328,-0.039321853,0.060790944,0.108954716,-0.088379655,0.112267164,0.093699426,0.14042979,0.175174958,0.134423511,-0.004713909,0.085194388,-0.040710674,-0.044192891,-0.041216336,-0.006691527,-0.023326959,-0.084032214,0.012710313,0.014033442,0.009435561,-0.027960745,0.06891439,0.049877594,-0.040511272,-0.209049292,0.039880924,0.022673921,-0.052158768,0.050356203,0.112575384,-0.007168136,0.135954293,0.060206482,0.232998225,0.054758197,-0.101995667,-0.098753173,0.058762045,0.235499735,0.209702558,0.214391915,-0.036106279,0.039524664,0.104062229,0.177806567,0.190512819,0.129619167,0.097144116,0.06898491,0.067606116,-0.009819199,0.08358435,-0.106097261,-0.00274532,0.029093185
ACH-000551,-0.100656754,0.253842215,-0.202792062,0.007137094,-0.062852147,-0.082612295,-0.195856947,-0.070158083,-0.290038295,0.085816321,-0.085855704,-0.043285668,-0.044178858,-0.040012576,-0.052621237,-0.068275312,0.038145966,0.098172327,0.143899176,0.030232973,-0.071530461,-0.040221544,-0.149190119,0.051353078,0.015497617,0.083108899,-0.087045708,-0.062789157,-0.063737147,-0.001987836,-0.2062555,-0.151821313,-0.22106198,0.013736516,0.158143588,-0.13875648,-0.071528867,0.009203756,-0.049262138,0.057232941,0.129958286,0.011591373,-0.181278294,-0.069157612,0.023459861,0.173537986,0.019030929,-0.100793548,0.052070926,-0.015096451,-0.134136303,-0.08871561,-0.062271466,-0.143846759,0.009084162,-0.115337125,-0.095455032,-0.226393046,-0.116793136,-0.121309224,-0.053451444,-0.045439777,-0.269809184,0.112872705,-0.132232928,0.055491864,-0.056236475,0.017864099,-0.009871508,0.016309492,0.028285174,-0.070251699,-0.007885137,-0.120407113,-0.099597938,0.045324074,-0.072696948,-0.263157403,-0.038999223,-0.045487647,-0.02693473,-0.153522391,0.122474319,0.052285917,0.087761247,-0.053991245,-0.096743876,-0.095998302,-0.053203052,-0.127804737,-0.045558423,0.016230885,-0.026268761,-0.15663097,-0.137767815,-0.044577739,-0.035776572,-0.089435821,-0.147526145,-0.097818915,-0.233234428,0.028805422,-0.018758723,-0.025840704,0.103802439,-0.097913494,-0.07536473,-0.123584189,-0.007398428,-0.126052739,-0.066844786,-0.049730719,-0.178572944,-0.003057473,-0.117539154,-0.083787139,-0.085210505,-0.044599587,-0.139258492,0.008490106,-0.079601975,0.05084836,-0.060913868,-0.006645681,-0.113297559,0.056115444,-0.108406036,-0.071963241,-0.078878018,-0.121928485,-0.105270584,-0.003007429,0.110038875,-0.054811794,0.036593597,-0.033199444,-0.164018023,0.154484358,-0.07834976,-0.077981255,-0.039929488,-0.162045511,-0.23736838,-0.053672022,-0.078612851,-0.134216535,-0.106857296,-0.160751113,-0.138817005,-0.022237941,-0.04847111,-0.098663301,-0.275001548,-0.058969331,-0.243296236,-0.086549234,-0.007008621
ACH-000969,-0.143067035,0.190583012,-0.119700706,0.007653722,-0.028952493,-0.001544956,-0.084952896,-0.069799742,-0.190537223,0.188217249,-0.016443519,0.153719145,-0.032171194,-0.06148322,-0.015524332,-0.055915506,-0.03093288,0.041693696,-0.276191378,-0.080012671,0.133635539,-0.026614775,0.041172289,0.063920392,-0.049777718,-0.041685317,-0.080995373,-0.031145896,-0.050115693,0.106980411,0.006580852,0.085318381,-0.170246339,-0.170213039,-0.013025468,-0.154946385,0.098264013,-0.103098233,-0.013302416,0.050008373,0.006991487,0.019287077,-0.175786438,0.111477537,0.14150741,-0.048120876,0.135759047,0.013311632,0.114827496,0.050770716,-0.067823037,-0.074713249,-0.176680131,-0.086462582,-0.078302153,0.179886854,0.164140499,-0.140274984,-0.050733322,-0.004539089,0.105472417,-0.100836459,0.075735763,0.13912152,-0.123216233,0.124149617,-0.003291842,0.09536276,-0.095769355,-0.164019508,0.137870086,-0.126886975,0.215383714,0.216976689,-0.125299815,-0.0714414,-0.125425271,-0.02291588,-0.120992386,-0.017701453,-0.092302706,0.000852063,-0.163897891,-0.242538544,0.169666131,0.04622343,0.011888259,-0.052731715,-0.080599225,-0.155888659,-0.05801521,0.100375836,-0.077024496,-0.024794893,0.01559118,-0.046090673,0.056775014,0.072773482,0.089723142,0.001579344,0.054967975,0.08150382,-0.050077765,-0.012466695,0.122597339,-0.172626747,-0.077601906,0.220748611,-0.069404833,-0.126082967,-0.147001903,-0.021521005,-0.065616202,-0.048877694,-0.088897417,-0.068833133,0.02819472,0.071690453,-0.100745156,-0.019403206,-0.043648795,-0.031736874,-0.065759874,-0.022912314,0.084675218,0.012767332,0.006464265,-0.001256079,-0.010578802,-0.032475975,0.049089864,0.019684182,0.091755961,-0.139829814,0.000929402,-0.033919609,0.08709866,0.068135643,-0.066712234,0.087601521,0.09126622,0.024107052,0.209916126,-0.138902381,0.114901671,-0.021762198,0.005121024,0.04191022,0.046733509,0.074940363,0.030310405,-0.104652328,-0.104178648,0.014150352,0.213073909,-0.16049811,-0.103547049
ACH-000750,-0.288169685,-0.236924351,-0.083928901,0.118325216,0.248085876,0.042225543,-0.08149786,0.033365142,-0.008158854,0.149071947,-0.01703427,0.068573084,0.139464251,0.076945904,-0.063975681,0.091054081,0.042479547,0.137575742,0.001402946,0.14307786,0.035962216,-0.001258591,-0.004105172,0.133203775,0.029006639,-0.032884811,0.017200914,-0.056755095,-0.243634515,0.022895184,-0.110008058,0.002933373,-0.087314823,-0.008511184,-0.060128274,-0.036963137,0.060256964,0.151958093,-0.01280743,-0.0086148,0.069082592,0.055934807,-0.10391567,-0.006839165,0.111828623,0.210472976,-0.01714521,0.021118256,0.089422536,0.110498775,-0.05454166,-0.191149235,-0.082361662,-0.039752291,-0.060522901,0.113698292,0.03427319,-0.182716318,-0.013126958,-0.109318123,-0.060771759,-0.031409838,0.115758158,0.200840574,-0.017360356,0.017532439,-0.187137375,-0.038251666,0.16909739,0.100536423,0.147714683,0.105238854,0.041512906,0.02988214,0.145108798,-0.020839905,0.023059675,0.006893965,-0.079359727,0.0872294,0.043511648,0.061578758,0.157441242,-0.010977665,0.17882689,-0.078464888,-0.188779111,-0.069796487,0.10911292,0.091108711,-0.227354022,-0.18491952,0.03866481,-0.085975126,-0.064525501,-0.133855678,-0.168507788,-0.065241058,-0.085595626,-0.083168414,0.144448696,-0.148609156,-0.075665557,-0.160513918,-0.0885416,-0.07510805,-0.080412161,0.182178659,-0.175678216,-0.00046452,0.041686068,-0.144346513,-0.152200797,-0.172857954,-0.021271599,-0.108047867,0.029257433,0.037312939,-0.035108254,-0.072551683,-0.107714283,-0.01195713,-0.084966834,-0.001331605,-0.06330455,0.136233477,-0.082987677,-0.103803083,0.072753047,0.034002305,-0.137137573,0.075800524,0.029286768,0.006800247,0.111867193,0.197077339,-0.010259284,0.007026654,0.005582735,0.059299013,0.095500223,0.074200463,-0.139549886,-0.038593555,-0.06995821,-0.019987801,0.009288286,-0.028983685,0.084502107,0.045779721,0.079857777,-0.169459807,0.204411753,-0.163310056,0.236349154,-0.215076622,-0.010283177
ACH-000579,0.082243681,0.054926449,-0.200014048,-0.058195007,0.174254715,0.185919425,-0.003827114,0.200113355,0.111893524,-0.044938206,-0.005617658,0.163999226,0.041293222,0.071945295,-0.106430729,0.021744889,-0.123692912,0.067107736,-0.096521477,-0.114593836,-0.144034974,0.095682995,0.087040172,-0.04305718,0.011979503,-0.092161119,-0.08256463,-0.157611879,-0.121504802,0.068729742,-0.002497114,-0.059059716,-0.069844269,-0.007809477,-0.070700664,0.028845509,-0.143634547,-0.020325498,0.027746862,-0.06722335,-0.055498475,-0.038260463,0.098159826,-0.136794002,-0.15288901,0.030950242,-0.006722248,-0.117157447,0.058034272,-0.14599134,-0.12572686,0.170945968,-0.03153597,-0.086003866,-0.062399921,0.085851409,0.040007718,0.035489954,0.236179865,0.185320365,0.032714076,0.035530277,0.116962918,0.013040429,0.043852675,-0.004071228,-0.026282693,0.058629971,0.119519005,0.046384893,0.013975833,-0.068567408,-0.018763367,-0.004822498,0.056344717,0.094352111,0.146735345,0.190389082,0.039642603,-0.081506003,0.009922693,0.073648934,0.215097291,0.253078244,0.151173374,0.042163318,0.027598445,-0.024537133,0.101550957,0.122766445,0.046770156,0.305401619,-0.093903954,0.023578883,-0.047292394,-0.033389199,0.004175378,-0.150079842,-0.022251777,0.002099579,0.012576572,0.000183323,-0.121112729,-0.016525375,0.109912459,0.293455603,0.178273847,-0.114776969,0.156903856,-0.065592783,0.094601803,0.01759365,0.069191238,0.028973014,-0.063215838,0.013428558,-0.05799551,-0.005999777,-0.007601263,0.071793689,0.058825708,0.012234451,0.080714482,-0.033505415,-0.167030493,-0.045806976,0.102884411,-0.088997566,-0.019777373,0.057442952,0.093947074,-0.150365149,0.181818681,0.072119326,-0.122896464,-0.143783674,0.033917597,-0.222387689,-0.069301178,-0.095747663,-0.076647247,0.040594177,0.031456968,-0.088936784,-0.148043086,0.073481109,-0.065214381,0.042952405,-0.07051324,0.141888569,0.08187613,0.344818338,0.069301352,0.007963617,-0.086399319,0.131184989,-0.001018813
ACH-000861,0.225337141,-0.280841493,0.210063747,0.139172503,0.296134079,0.280685746,0.313137071,0.246047977,0.193059178,-0.02493665,-0.02463645,0.109892008,0.13687773,0.030077047,0.078318612,0.169798495,0.031884576,0.06634457,0.098283528,-0.052549448,-0.07062524,0.110029721,0.03812664,-0.127780451,-0.123903267,-0.068087072,0.006937887,0.02201618,-0.085206971,0.076778649,-0.017225458,0.032065843,0.062899677,0.026686292,-0.151714999,0.062656001,0.045450672,0.094515337,0.017755422,0.060843949,0.06685743,0.166645826,0.088410573,-0.059405989,-0.072569144,0.008747934,-0.023159799,0.034632561,-0.161329594,-0.03838109,-0.04981879,0.251981805,0.009618016,0.154424475,-0.020964086,-0.183856197,0.155179699,0.212224058,-0.032626637,0.005997689,0.129718371,-0.027333741,0.129787537,-0.012466417,0.200846082,-0.038625322,0.063690198,-0.093764323,0.219072642,0.215149246,0.049129277,0.046383659,-0.067939676,0.108022753,0.0212115,-0.050957904,0.209437514,0.201774666,0.201614611,-0.00965341,-0.133924056,0.150830752,-0.00255506,-0.038932465,0.201817264,0.11100513,0.067632136,0.111910505,-0.094074134,0.145709387,-0.015843103,0.096549746,0.113929377,0.102144709,0.164696995,0.071631516,0.137531475,0.087459773,0.140790512,0.068622681,0.298203575,-0.005152932,0.076228698,0.109862447,0.112753669,-0.096864851,0.166621459,-0.074619561,-0.038236573,0.071226797,-0.067555828,-0.05851482,0.020527019,0.03186718,0.084692078,0.043895773,-0.021385884,0.073289534,0.106387116,0.05873288,-0.067831665,0.167606316,0.103651152,0.024133474,-0.005564662,0.059657333,0.20670062,0.007549805,0.010205102,0.079195124,0.062290051,0.113261071,0.030645463,0.077023444,-0.106413063,0.039352434,-0.018896638,-0.060112031,-0.057830907,-0.088823921,0.074371509,0.142294502,0.111807336,-0.009778406,-0.103293966,0.070646449,0.042364139,-0.039204473,0.086813235,-0.121473676,0.002724308,0.014626099,-0.139208087,0.00573114,0.008441621,0.051417491,0.190934954
ACH-000706,0.307994508,-0.027912955,0.01447653,-0.350886547,-0.272503991,0.042665436,0.266436471,0.21305611,0.027775496,-0.360091426,-0.087809698,-0.073307102,-0.058325987,-0.118723396,-0.060118542,-0.028299757,0.058957179,0.011728958,-0.045651871,0.078196849,-0.056584585,-0.112041975,-0.143300179,0.125740299,0.01704505,-0.057327975,0.063115727,0.063158327,0.020823135,0.059755048,-0.063860386,-0.133627109,0.00346106,-0.102426101,-0.271230189,0.049251817,-0.051815237,-0.003639076,0.009596406,0.035490873,-0.066337723,-0.046999884,0.055262257,-0.017057896,-0.1595113,0.006962973,-0.02084986,-0.0811452,-0.00875383,-0.164750351,-0.13579198,-0.048145057,0.025824151,-0.011320991,-0.090346307,-0.077428756,-0.079290745,-0.013889773,-0.012975325,-0.065968432,-0.005324037,0.015822482,-0.163431262,-0.074716598,-0.050300044,-0.029523674,0.028165704,-0.044944925,0.021009062,-0.057070092,-0.028990842,-0.185867997,-0.071610188,-0.201527293,-0.157501364,-0.11124907,-0.102376626,-0.230224014,-0.118709004,0.009351284,-0.185269402,-0.114104368,8.75E-05,0.040330358,-0.195061466,-0.122932364,0.00736171,-0.03028548,0.038194994,-0.1259392,0.051368712,-0.149752704,-0.057144406,0.02901131,0.02883404,0.093349565,0.147487375,0.030203724,0.025557957,0.081994904,-0.193839192,0.020307392,-0.094026986,0.053553444,-0.044525576,-0.037128852,-0.045088259,-0.157292162,-0.006784046,-0.085939702,-0.072802083,0.004008573,0.035730717,-0.041573401,-0.112213285,-0.085681126,-0.067026336,0.055102233,-0.092771032,-0.010693409,-0.050780569,0.022653924,0.020757558,-0.055797355,-0.105247156,-0.016053152,0.140091421,-0.169959799,-0.177338839,-0.05190133,0.00204108,0.11162458,0.031320182,-0.010822105,-0.003334936,-0.077101855,-0.065173684,0.033643672,-0.031787155,-0.11674962,-0.196666992,0.047091026,-0.028054297,-0.13888075,0.059524481,0.030366412,0.018111774,-0.016686829,-0.16404336,-0.116830625,0.051054452,-0.247865406,-0.204533641,0.009520073,-0.275131886,-0.082829221,-0.052719571
ACH-000655,-0.070579469,0.11923556,0.016668439,0.150759436,0.097616391,-0.007024857,0.035253047,0.139329127,0.05684348,-0.084144181,-0.005974163,-0.041269703,0.100572187,0.080458639,-0.006034198,0.020860225,0.088375762,0.012761002,-0.041399661,-0.152599532,-0.122975211,-0.068559374,-0.01777963,0.102853952,0.047309596,-0.086423465,-0.070968522,-0.059967605,-0.060650597,0.042214824,0.014606954,-0.05592921,-0.125095084,0.006424502,-0.050961131,-0.055204918,-0.02677577,0.122590982,-0.043307575,0.073454514,0.101838548,0.122661752,-0.192315172,-0.013511205,-0.009332844,-0.123588702,0.023829478,-0.029758372,-0.006334015,0.080071901,-0.15874999,-0.177499394,-0.127841061,0.075929077,-0.105797922,0.050899616,0.043230064,-0.04173181,-0.08117433,-0.124359917,-0.031409145,-0.021966387,0.187291999,-0.010909265,-0.011487037,-0.068145895,-0.017654222,-0.046470553,0.063602935,0.114965587,-0.018908288,0.009447917,0.034174251,-0.047768051,0.117762343,-0.02052967,0.039427159,0.009726327,-0.115678378,0.084095003,-0.07647034,-0.014279984,-0.108417244,0.132018662,-0.02066613,0.068460543,-0.110035459,-0.13031367,0.140683593,0.063560961,-0.020324987,-0.335881128,0.087373837,-0.028207726,0.001821696,-0.045849621,-0.080338845,-0.155832299,-0.033374102,-0.033189023,0.247075083,-0.08029177,-0.008748157,-0.046384142,0.031525309,-0.172810423,-0.12298519,0.054736661,0.056458631,-0.0110105,-0.04999387,-0.219537972,-0.121838968,-0.248918623,-0.051021611,-0.179246631,-0.057658753,-0.074761061,-0.109645762,-0.109511754,-0.23277055,0.022183327,-0.213576606,-0.016778603,0.014842156,-0.072667535,0.095909522,-0.020517394,-0.069242727,-0.034342875,-0.052996516,-0.107119244,-0.045657598,-0.184054035,-0.078214395,0.001631325,0.01378336,-0.211348408,0.025613667,-0.097861067,-0.102646588,-0.11892916,-0.11403399,-0.092935531,-0.286558752,-0.052631062,-0.104152436,-0.051000498,0.072447177,-0.037796215,-0.043188816,-0.059916542,0.005010108,-0.078751843,0.156834405,-0.028937002,0.101448041
